-- phpMyAdmin SQL Dump
-- version 4.6.6deb5
-- https://www.phpmyadmin.net/
--
-- Host: localhost:3306
-- Generation Time: Jul 16, 2019 at 02:37 PM
-- Server version: 5.7.26-0ubuntu0.18.10.1
-- PHP Version: 7.1.30-1+ubuntu18.10.1+deb.sury.org+1

SET SQL_MODE = "NO_AUTO_VALUE_ON_ZERO";
SET time_zone = "+00:00";


/*!40101 SET @OLD_CHARACTER_SET_CLIENT=@@CHARACTER_SET_CLIENT */;
/*!40101 SET @OLD_CHARACTER_SET_RESULTS=@@CHARACTER_SET_RESULTS */;
/*!40101 SET @OLD_COLLATION_CONNECTION=@@COLLATION_CONNECTION */;
/*!40101 SET NAMES utf8mb4 */;

--
-- Database: `eapi`
--

-- --------------------------------------------------------

--
-- Table structure for table `migrations`
--

CREATE TABLE `migrations` (
  `id` int(10) UNSIGNED NOT NULL,
  `migration` varchar(255) COLLATE utf8mb4_unicode_ci NOT NULL,
  `batch` int(11) NOT NULL
) ENGINE=InnoDB DEFAULT CHARSET=utf8mb4 COLLATE=utf8mb4_unicode_ci;

--
-- Dumping data for table `migrations`
--

INSERT INTO `migrations` (`id`, `migration`, `batch`) VALUES
(1, '2014_10_12_000000_create_users_table', 1),
(2, '2014_10_12_100000_create_password_resets_table', 1),
(3, '2019_07_16_062704_create_products_table', 1);

-- --------------------------------------------------------

--
-- Table structure for table `password_resets`
--

CREATE TABLE `password_resets` (
  `email` varchar(255) COLLATE utf8mb4_unicode_ci NOT NULL,
  `token` varchar(255) COLLATE utf8mb4_unicode_ci NOT NULL,
  `created_at` timestamp NULL DEFAULT NULL
) ENGINE=InnoDB DEFAULT CHARSET=utf8mb4 COLLATE=utf8mb4_unicode_ci;

-- --------------------------------------------------------

--
-- Table structure for table `products`
--

CREATE TABLE `products` (
  `id` bigint(20) UNSIGNED NOT NULL,
  `name` varchar(255) COLLATE utf8mb4_unicode_ci NOT NULL,
  `detail` text COLLATE utf8mb4_unicode_ci NOT NULL,
  `price` int(11) NOT NULL,
  `stock` int(11) NOT NULL,
  `discount` int(11) NOT NULL,
  `created_at` timestamp NULL DEFAULT NULL,
  `updated_at` timestamp NULL DEFAULT NULL
) ENGINE=InnoDB DEFAULT CHARSET=utf8mb4 COLLATE=utf8mb4_unicode_ci;

--
-- Dumping data for table `products`
--

INSERT INTO `products` (`id`, `name`, `detail`, `price`, `stock`, `discount`, `created_at`, `updated_at`) VALUES
(1, 'et', 'Aliquam eligendi natus architecto omnis facilis ut. Aut dolor fugiat magni laboriosam aut est. Optio maxime voluptatem rerum facilis necessitatibus asperiores voluptatibus. Quia omnis fugit voluptate aut.', 552, 6, 15, '2019-07-16 02:13:24', '2019-07-16 02:13:24'),
(2, 'rem', 'Nihil et rerum non dignissimos facere magnam non. Labore itaque alias alias illo est excepturi. Dolorum magnam debitis praesentium facere. Est quo blanditiis ut nulla blanditiis nobis dolor.', 352, 9, 27, '2019-07-16 02:13:24', '2019-07-16 02:13:24'),
(3, 'fugit', 'Voluptatem qui eaque sunt autem nisi sed. Rerum dicta doloremque aspernatur eius omnis doloremque. Ad dolor fugit culpa sed perferendis tempora dolores. Minus optio recusandae quia.', 547, 3, 30, '2019-07-16 02:13:24', '2019-07-16 02:13:24'),
(4, 'et', 'Id in vero optio nulla. Quia ad ex quia aut cupiditate ipsa. Aut cum vero perferendis ut quidem.', 506, 2, 20, '2019-07-16 02:13:24', '2019-07-16 02:13:24'),
(5, 'dignissimos', 'Iusto aliquid ducimus vel veniam pariatur provident ea. A aut consequatur est. Id tempora corporis ducimus et dolorem enim. Debitis odit ipsam magnam ut unde labore voluptates.', 292, 4, 5, '2019-07-16 02:13:24', '2019-07-16 02:13:24'),
(6, 'cumque', 'Tempora laboriosam facere quia laborum velit optio. Ea sunt consequatur sed delectus voluptatum voluptatum. Occaecati recusandae voluptas minima. Quod enim omnis libero quibusdam iste quod.', 136, 7, 5, '2019-07-16 02:13:25', '2019-07-16 02:13:25'),
(7, 'rerum', 'Consectetur necessitatibus dolor et quae praesentium. Qui minima odit architecto tempora ea. Quis vero tempora deserunt quod odit sed. Veritatis sequi autem similique sed architecto et dolorem.', 910, 4, 27, '2019-07-16 02:13:25', '2019-07-16 02:13:25'),
(8, 'quia', 'In recusandae aperiam magni vel. Dolorem ab ad enim voluptatem enim. Optio dolores nulla totam dolores voluptas laboriosam rerum. Temporibus soluta tenetur modi.', 320, 5, 8, '2019-07-16 02:13:25', '2019-07-16 02:13:25'),
(9, 'voluptas', 'Mollitia saepe dolorem sapiente et quibusdam. Quam in ut rerum.', 537, 2, 26, '2019-07-16 02:13:25', '2019-07-16 02:13:25'),
(10, 'ipsa', 'Odit consequatur officiis sit. Est harum omnis vel quod temporibus saepe. Et reprehenderit ut quia recusandae omnis consequatur quis dolorem. Molestiae inventore illum libero voluptatem voluptates autem et.', 419, 5, 14, '2019-07-16 02:13:25', '2019-07-16 02:13:25'),
(11, 'iusto', 'Praesentium similique omnis ut qui. Qui omnis veritatis soluta deserunt quae. Tempora mollitia veritatis architecto dolores. Non rerum amet labore magnam voluptas.', 323, 0, 23, '2019-07-16 02:13:25', '2019-07-16 02:13:25'),
(12, 'qui', 'Repellendus nobis qui quod nostrum laboriosam. Iusto aliquam omnis labore. Tenetur nulla omnis doloribus consequatur eos. Cumque ut et eligendi nulla dolor et.', 705, 2, 10, '2019-07-16 02:13:25', '2019-07-16 02:13:25'),
(13, 'ducimus', 'Et tempore minus veritatis dolor rerum. Nihil deleniti et dolor voluptatibus similique quisquam excepturi. Recusandae et non pariatur maiores iste amet laborum. Quia dolorum non exercitationem fugit sunt atque.', 279, 2, 15, '2019-07-16 02:13:25', '2019-07-16 02:13:25'),
(14, 'non', 'Nisi rerum velit ullam qui. Porro omnis non perferendis nihil. Voluptatem ex quia quasi.', 606, 6, 18, '2019-07-16 02:13:25', '2019-07-16 02:13:25'),
(15, 'voluptate', 'Quibusdam ullam quas quas aperiam. Sint eum sed repudiandae eaque.', 144, 2, 14, '2019-07-16 02:13:25', '2019-07-16 02:13:25'),
(16, 'earum', 'Quod ex placeat placeat quod minima beatae velit. Pariatur eum rerum consequatur nihil. Dolor et assumenda officia laudantium in. Maxime quis enim consequatur alias.', 416, 0, 27, '2019-07-16 02:13:25', '2019-07-16 02:13:25'),
(17, 'non', 'Doloribus et debitis aut veritatis quas. Voluptatibus magnam alias suscipit tenetur iste voluptates. Cumque aut est velit.', 318, 9, 3, '2019-07-16 02:13:25', '2019-07-16 02:13:25'),
(18, 'nostrum', 'Sed voluptatem et et similique blanditiis ut. Ut sit tempora voluptatem. Consectetur corrupti veniam nam magnam placeat.', 627, 1, 4, '2019-07-16 02:13:25', '2019-07-16 02:13:25'),
(19, 'qui', 'At sint distinctio et sequi eum repellat. Qui excepturi provident ut ea adipisci aliquam. Nesciunt assumenda ut sed excepturi non.', 142, 8, 2, '2019-07-16 02:13:25', '2019-07-16 02:13:25'),
(20, 'repellendus', 'Sunt est laboriosam porro. Quod quos quis earum excepturi id eos fugiat. Corporis perferendis cumque sint voluptatum eum. Error explicabo modi ut est quasi saepe et.', 415, 1, 14, '2019-07-16 02:13:25', '2019-07-16 02:13:25'),
(21, 'quam', 'Cumque culpa facere molestiae eum excepturi odit. Ut quis rerum aliquid eum. Facere ut eveniet aspernatur voluptatem rerum dolores.', 755, 8, 23, '2019-07-16 02:13:25', '2019-07-16 02:13:25'),
(22, 'dolores', 'Ad ducimus velit architecto qui. Tempore sunt sequi voluptatem omnis quasi velit ipsam itaque. Error fugiat reiciendis voluptas molestiae ut quaerat eligendi.', 531, 1, 12, '2019-07-16 02:13:25', '2019-07-16 02:13:25'),
(23, 'nobis', 'Repellendus deleniti doloremque ipsam. Ut maxime commodi iusto ab saepe.', 476, 3, 22, '2019-07-16 02:13:25', '2019-07-16 02:13:25'),
(24, 'expedita', 'Aliquid quia sint rerum cupiditate incidunt. Consequatur nostrum nisi possimus aliquam nesciunt. Omnis nulla velit id doloremque sequi mollitia.', 638, 2, 29, '2019-07-16 02:13:25', '2019-07-16 02:13:25'),
(25, 'minus', 'Asperiores quo illo sed laborum harum sunt enim. Iusto provident earum et ipsa architecto praesentium eligendi. Aut dolorem possimus temporibus saepe id nihil. Adipisci in voluptatem nihil voluptatem quo.', 575, 5, 29, '2019-07-16 02:13:25', '2019-07-16 02:13:25'),
(26, 'necessitatibus', 'Qui consequatur consequatur quis quod atque dolor. Blanditiis magnam consequatur rerum aspernatur ea quia maxime. Commodi eligendi corporis doloremque et qui.', 761, 4, 27, '2019-07-16 02:13:25', '2019-07-16 02:13:25'),
(27, 'nam', 'Similique vero ut aperiam voluptatibus quia debitis. Est autem mollitia dolor quia aperiam officia nesciunt. Voluptatum rerum neque natus officiis sint assumenda.', 824, 0, 12, '2019-07-16 02:13:25', '2019-07-16 02:13:25'),
(28, 'beatae', 'Et ullam quaerat sit voluptatem. Culpa aut ipsum autem deleniti praesentium aut suscipit. Dolorem rerum distinctio eos enim incidunt. Necessitatibus enim sed illo illum sint quo.', 107, 1, 15, '2019-07-16 02:13:25', '2019-07-16 02:13:25'),
(29, 'eveniet', 'Earum fugit corporis saepe laboriosam consequuntur in. Excepturi dignissimos fuga est magnam perferendis est.', 384, 1, 14, '2019-07-16 02:13:26', '2019-07-16 02:13:26'),
(30, 'exercitationem', 'Maxime quas soluta cumque aliquid. Iure quis aut tempore odit veniam earum.', 853, 7, 9, '2019-07-16 02:13:26', '2019-07-16 02:13:26'),
(31, 'et', 'Numquam dignissimos mollitia dolorum unde ea magni iure magnam. Magnam deleniti neque vel et.', 701, 9, 23, '2019-07-16 02:13:26', '2019-07-16 02:13:26'),
(32, 'tempore', 'Reprehenderit aspernatur delectus deserunt. Et sequi est sapiente maxime omnis. Est autem quia iure quo.', 429, 2, 28, '2019-07-16 02:13:26', '2019-07-16 02:13:26'),
(33, 'magnam', 'Quod ducimus et culpa in nam ut aliquam. Veniam beatae necessitatibus atque omnis quaerat. Voluptatem optio nostrum ullam. Dolores veritatis molestiae doloremque incidunt qui numquam illo.', 327, 2, 7, '2019-07-16 02:13:26', '2019-07-16 02:13:26'),
(34, 'consequuntur', 'Dolorem expedita accusantium vitae non qui sint. A tempore et aut animi voluptas ipsa.', 527, 7, 2, '2019-07-16 02:13:26', '2019-07-16 02:13:26'),
(35, 'optio', 'Sed dolorem ea asperiores qui illo et. Officiis accusantium quia et. Aut sed dolores dignissimos eum dolorem id autem. Beatae vitae culpa enim.', 107, 1, 28, '2019-07-16 02:13:26', '2019-07-16 02:13:26'),
(36, 'aut', 'Sed possimus molestias sapiente quia. Dolor accusamus distinctio et et fugiat. Iste qui veritatis autem.', 510, 7, 20, '2019-07-16 02:13:26', '2019-07-16 02:13:26'),
(37, 'omnis', 'Nihil magni quibusdam porro et blanditiis aut. A autem est sed eos numquam quasi ullam tempora.', 753, 8, 13, '2019-07-16 02:13:26', '2019-07-16 02:13:26'),
(38, 'quod', 'Dignissimos assumenda a id dolore a aut non vel. Dolorem asperiores aperiam eius sit. Porro et et qui exercitationem sunt explicabo quasi.', 921, 8, 9, '2019-07-16 02:13:26', '2019-07-16 02:13:26'),
(39, 'sequi', 'Nesciunt doloremque placeat esse iste qui ab. Dignissimos dolorem hic nostrum maiores esse doloribus unde. Recusandae voluptatem enim sit est. Vitae aspernatur velit voluptatem illo qui quis delectus.', 478, 1, 16, '2019-07-16 02:13:26', '2019-07-16 02:13:26'),
(40, 'at', 'Cumque omnis illum qui aspernatur. Corporis numquam voluptates et eligendi dolorum qui quidem. Accusamus voluptatum iusto veniam ea praesentium. Voluptas pariatur quidem modi et asperiores est.', 257, 0, 7, '2019-07-16 02:13:26', '2019-07-16 02:13:26'),
(41, 'iure', 'Tempore ab impedit cumque vel omnis aut. Consequatur nobis quaerat aut ea doloribus placeat. Et qui excepturi et. Necessitatibus explicabo rem sequi odit atque.', 974, 7, 26, '2019-07-16 02:13:26', '2019-07-16 02:13:26'),
(42, 'consectetur', 'Ea voluptatem ea dolores dicta ratione hic. Quisquam aperiam sit corrupti omnis praesentium. Illo perferendis enim assumenda et reiciendis ullam. Doloremque at odit fugiat dolore numquam sed error qui.', 975, 6, 30, '2019-07-16 02:13:26', '2019-07-16 02:13:26'),
(43, 'id', 'Aspernatur eveniet ratione labore blanditiis fugit assumenda. Aut ex quae voluptas repellat eaque quod sunt veritatis. Quam eos sit animi non suscipit cum natus.', 337, 0, 2, '2019-07-16 02:13:26', '2019-07-16 02:13:26'),
(44, 'quae', 'Tempora est ab eveniet in. Tempore sit sit expedita placeat eius omnis. Ut fugiat excepturi consequuntur quasi ducimus qui. Natus quia ullam eius dolor eos fugit vel. Et consectetur nihil a ad sequi.', 974, 6, 15, '2019-07-16 02:13:26', '2019-07-16 02:13:26'),
(45, 'non', 'Eos dolorem illo dolor ipsam ut temporibus. Amet rem quia consequuntur recusandae. In vel provident id eaque placeat id suscipit ut. Vel fugiat sed quisquam ipsa harum similique quisquam.', 251, 4, 21, '2019-07-16 02:13:26', '2019-07-16 02:13:26'),
(46, 'culpa', 'Ratione velit excepturi qui ut illo ducimus. Est velit quia consequatur illum sequi minus totam. Qui laborum esse illo voluptas.', 340, 8, 15, '2019-07-16 02:13:26', '2019-07-16 02:13:26'),
(47, 'architecto', 'Distinctio eligendi dolor accusantium corporis. Amet animi laborum porro voluptatem aut. Cumque exercitationem id doloribus et.', 762, 7, 15, '2019-07-16 02:13:26', '2019-07-16 02:13:26'),
(48, 'et', 'Cum qui voluptas cupiditate et qui nihil vero id. Tenetur consequuntur minima dolor similique. Tempore repellendus et corrupti eveniet ea mollitia repellat. Laborum eum consequatur ut atque reprehenderit culpa.', 901, 7, 10, '2019-07-16 02:13:26', '2019-07-16 02:13:26'),
(49, 'corporis', 'Unde nesciunt nam beatae consequatur voluptatem odio. Aut assumenda possimus reprehenderit molestiae. Ipsam minus sed hic autem.', 523, 6, 24, '2019-07-16 02:13:26', '2019-07-16 02:13:26'),
(50, 'voluptas', 'Repudiandae rerum voluptas cum consequatur. Qui et quibusdam omnis culpa quasi aspernatur. Repellat sed dolor non ut commodi. Nostrum consequatur vitae quia magnam iusto. Delectus alias voluptatem occaecati sunt.', 874, 0, 16, '2019-07-16 02:13:26', '2019-07-16 02:13:26'),
(51, 'ipsum', 'Et vel voluptatum quia qui veniam quia. Ea consequatur id ut est perferendis. Vel minima necessitatibus a quaerat. Dolores iure architecto facere deserunt nemo eius et. Voluptatem exercitationem quis qui alias et.', 243, 6, 12, '2019-07-16 03:16:29', '2019-07-16 03:16:29'),
(52, 'cupiditate', 'Aut blanditiis quidem ut sit dolor tempora voluptatibus. Minus quaerat dolorum aut eaque corporis. Non ut minus tempora dolores sint et cupiditate.', 915, 8, 23, '2019-07-16 03:16:29', '2019-07-16 03:16:29'),
(53, 'mollitia', 'Mollitia aspernatur temporibus quis sunt hic nemo alias. Vero ratione sunt tempore ipsa quae sit libero. Consectetur rerum eligendi voluptatem quaerat non atque. Doloremque quibusdam sed impedit alias at.', 995, 5, 8, '2019-07-16 03:16:29', '2019-07-16 03:16:29'),
(54, 'nisi', 'Beatae quibusdam tempora dolorem assumenda ut. Nihil quasi doloribus vitae consequatur nemo voluptates. Aut sed consequatur rerum ea neque. Debitis laborum et numquam nesciunt minus quos omnis veritatis.', 943, 6, 30, '2019-07-16 03:16:29', '2019-07-16 03:16:29'),
(55, 'amet', 'Labore ut nostrum sapiente autem. Dolorem iure nostrum nisi. Est nam consequatur et aperiam voluptas fugit.', 366, 2, 5, '2019-07-16 03:16:29', '2019-07-16 03:16:29'),
(56, 'qui', 'Odio repudiandae atque quisquam et quis. Necessitatibus vero quis atque non omnis. Quia exercitationem reiciendis fuga eveniet in reiciendis harum nam. Numquam quia aut et veritatis consequatur et ut.', 265, 1, 16, '2019-07-16 03:16:29', '2019-07-16 03:16:29'),
(57, 'fugit', 'Corrupti delectus amet vel quo quibusdam et eum. Quod ab facere et blanditiis tenetur. Dolor suscipit et rerum enim voluptatibus ipsam.', 808, 8, 20, '2019-07-16 03:16:29', '2019-07-16 03:16:29'),
(58, 'sed', 'Voluptatem eligendi dolorem rem et. Iusto et quasi ipsam ducimus corrupti est in a. Omnis cum id et. Provident velit inventore quia nobis id.', 489, 3, 18, '2019-07-16 03:16:29', '2019-07-16 03:16:29'),
(59, 'occaecati', 'Quia omnis quas beatae omnis non atque nesciunt. Laudantium sit sed deleniti et labore suscipit ducimus. Incidunt aspernatur architecto libero temporibus pariatur. Cupiditate eius reiciendis temporibus facilis.', 147, 3, 14, '2019-07-16 03:16:29', '2019-07-16 03:16:29'),
(60, 'perspiciatis', 'Nisi earum esse expedita. Ex voluptatibus placeat sed quidem nam. Est sed odio culpa recusandae. Ipsam in error dolorem.', 472, 5, 29, '2019-07-16 03:16:29', '2019-07-16 03:16:29'),
(61, 'vel', 'Eaque ipsam fugit quas blanditiis. Cumque iure est voluptate praesentium dolorem eum. Modi ut sequi vitae ipsa qui est aut inventore. Illo libero ipsam consectetur quia assumenda.', 829, 3, 4, '2019-07-16 03:16:29', '2019-07-16 03:16:29'),
(62, 'qui', 'Ipsa sit nulla rem quia omnis quasi libero. Molestias dolor praesentium facilis doloremque non repellendus asperiores. Vitae deleniti quia numquam ut.', 597, 2, 22, '2019-07-16 03:16:29', '2019-07-16 03:16:29'),
(63, 'fugit', 'Et et non reiciendis a vel atque. Voluptatem autem aspernatur sit dolorem. Sequi rerum aliquid voluptas sit.', 362, 5, 7, '2019-07-16 03:16:29', '2019-07-16 03:16:29'),
(64, 'delectus', 'Ipsa tempore laborum et numquam alias harum enim voluptatem. Officia ipsum dolores neque dolore delectus. Voluptas a voluptate et in consequuntur dolorem. Non repudiandae aliquid est et.', 850, 2, 8, '2019-07-16 03:16:29', '2019-07-16 03:16:29'),
(65, 'vero', 'Praesentium earum ut iste voluptatem ratione sint aperiam. In et sequi omnis dignissimos enim. Omnis suscipit voluptas consequatur error corrupti enim.', 290, 9, 26, '2019-07-16 03:16:29', '2019-07-16 03:16:29'),
(66, 'quod', 'Dolore cupiditate et rerum eos error ab voluptatem. Fugiat nobis quaerat maxime natus voluptatem velit. Quo hic nam est veniam libero. Sit exercitationem vitae eaque officia rerum et.', 898, 5, 15, '2019-07-16 03:16:29', '2019-07-16 03:16:29'),
(67, 'hic', 'Laudantium vel iure voluptatem vel modi rerum et ea. Voluptatem sapiente ea et corrupti possimus recusandae. Aut maxime dignissimos maxime. Voluptatum quis occaecati distinctio sit in numquam voluptatibus.', 112, 4, 21, '2019-07-16 03:16:29', '2019-07-16 03:16:29'),
(68, 'et', 'Sit aspernatur et est ut. Rerum aut accusamus explicabo cum. Distinctio eum impedit quos corrupti.', 797, 8, 7, '2019-07-16 03:16:29', '2019-07-16 03:16:29'),
(69, 'dignissimos', 'Sunt consectetur expedita harum rem qui a. Sit quia recusandae mollitia. Magni voluptatibus alias aut aut.', 152, 6, 17, '2019-07-16 03:16:29', '2019-07-16 03:16:29'),
(70, 'quis', 'Voluptatem voluptatem at doloribus iusto. Ut ipsum odio facere dicta consequatur vero tempore.', 604, 5, 3, '2019-07-16 03:16:30', '2019-07-16 03:16:30'),
(71, 'impedit', 'Sed dignissimos repellat et consequatur molestiae dolores. Laborum cumque nisi et dolor magnam voluptatum. Odio esse ullam corrupti quia ducimus deserunt omnis.', 491, 6, 14, '2019-07-16 03:16:30', '2019-07-16 03:16:30'),
(72, 'et', 'Reprehenderit sed odit autem commodi eveniet modi. Doloremque molestiae sit mollitia omnis voluptates voluptatibus eveniet illum. Omnis aliquam vero aut est ut earum molestiae. Consequuntur voluptatem voluptatem non enim non.', 549, 1, 23, '2019-07-16 03:16:30', '2019-07-16 03:16:30'),
(73, 'ratione', 'Quasi quidem dicta vel eius. Quisquam sunt laboriosam impedit nihil quo voluptate. Assumenda harum laudantium mollitia rerum repellendus facere.', 396, 6, 25, '2019-07-16 03:16:30', '2019-07-16 03:16:30'),
(74, 'provident', 'Beatae et assumenda corporis sit incidunt officiis. Iure eaque quod recusandae sequi voluptatem voluptas aut. Sequi sapiente neque voluptas accusantium minus vitae. Perspiciatis minima asperiores quo. Impedit nihil et error nostrum.', 769, 3, 14, '2019-07-16 03:16:30', '2019-07-16 03:16:30'),
(75, 'omnis', 'Dicta maxime quibusdam non aliquid. Perferendis adipisci aperiam laboriosam quia est. Harum quidem enim corrupti voluptatum est alias excepturi. Totam et ut itaque.', 910, 8, 19, '2019-07-16 03:16:30', '2019-07-16 03:16:30'),
(76, 'nobis', 'Consequuntur voluptatem quisquam aperiam porro ut aliquid. Ut maxime non reprehenderit totam.', 509, 9, 13, '2019-07-16 03:16:30', '2019-07-16 03:16:30'),
(77, 'ut', 'Amet nihil eum non laudantium dolores. Rerum sint qui voluptates eligendi fugiat. Illo nisi magnam ratione aut ut maxime blanditiis. Saepe necessitatibus et odit fugiat animi. Ipsum laborum explicabo autem qui similique consequuntur commodi.', 324, 6, 5, '2019-07-16 03:16:30', '2019-07-16 03:16:30'),
(78, 'qui', 'Repellendus est in rerum. Et libero eligendi sint similique. Laboriosam sint quibusdam vero ut esse. Dolores dolore consequatur est eius itaque cum facilis. Quia eius beatae modi hic.', 317, 4, 2, '2019-07-16 03:16:30', '2019-07-16 03:16:30'),
(79, 'odit', 'Incidunt eveniet rem dicta. Quis eveniet quos beatae est possimus commodi. Quis molestias laudantium non voluptatibus debitis. Et dolore ratione rem perferendis accusamus aliquam quo ea.', 937, 8, 7, '2019-07-16 03:16:30', '2019-07-16 03:16:30'),
(80, 'iure', 'Provident velit totam ea. Sed perferendis incidunt sunt autem distinctio.', 429, 4, 3, '2019-07-16 03:16:30', '2019-07-16 03:16:30'),
(81, 'assumenda', 'Error laborum cum nihil veniam aperiam. Aut veniam sed rerum architecto. Dicta soluta in itaque occaecati. Non quia voluptas cumque numquam vel sint optio.', 150, 9, 27, '2019-07-16 03:16:30', '2019-07-16 03:16:30'),
(82, 'harum', 'Et nemo qui libero perferendis porro impedit magni. Explicabo est quam vitae provident. Voluptate autem totam dolore qui. Voluptate porro neque quia aut. Tempore non rerum et in inventore error voluptatem.', 891, 7, 22, '2019-07-16 03:16:30', '2019-07-16 03:16:30'),
(83, 'eos', 'Quia sed magni consequuntur dolorem vel rerum veritatis occaecati. Eos mollitia nihil ullam hic. Quam autem sed ratione similique culpa laboriosam similique.', 435, 4, 11, '2019-07-16 03:16:30', '2019-07-16 03:16:30'),
(84, 'voluptas', 'Vero optio et vero dolores. Molestias earum nobis sit non fuga dolorum nemo. Voluptas ea aut commodi sit ut sit veritatis ea.', 807, 3, 27, '2019-07-16 03:16:30', '2019-07-16 03:16:30'),
(85, 'sint', 'Earum id esse labore. Eos qui quibusdam rerum voluptatibus cum vero fugit. Quisquam laborum illo inventore sit ut. Ipsa et rerum est cumque minus omnis aut.', 637, 9, 26, '2019-07-16 03:16:30', '2019-07-16 03:16:30'),
(86, 'consequuntur', 'Assumenda repudiandae possimus numquam assumenda eligendi dolores. Pariatur cupiditate excepturi quod ut dolorum at. Reiciendis iste quia quam culpa.', 965, 5, 16, '2019-07-16 03:16:30', '2019-07-16 03:16:30'),
(87, 'rem', 'Rerum nam hic quibusdam animi et vel ipsam culpa. Qui nihil non debitis quia non. Est sint tempora nihil perspiciatis molestias dolor soluta. Dolor dolores vel suscipit iure odio.', 571, 0, 24, '2019-07-16 03:16:30', '2019-07-16 03:16:30'),
(88, 'architecto', 'Quos ullam eum fugiat est cumque sit. Autem magnam id est incidunt id esse sunt. Quis porro quas enim laboriosam animi sit ipsa.', 106, 1, 26, '2019-07-16 03:16:30', '2019-07-16 03:16:30'),
(89, 'non', 'Dolores distinctio voluptatibus voluptas itaque libero nulla. Nemo eum repellat temporibus fugiat numquam excepturi. Exercitationem laboriosam ducimus omnis quia ipsa ab nulla autem. Consequatur eum alias commodi cumque animi ad incidunt. Molestias enim placeat quia.', 793, 4, 22, '2019-07-16 03:16:30', '2019-07-16 03:16:30'),
(90, 'ut', 'Soluta rerum modi architecto earum eius odio. Placeat qui eligendi dicta doloremque.', 298, 0, 22, '2019-07-16 03:16:30', '2019-07-16 03:16:30'),
(91, 'maxime', 'Porro similique quos adipisci alias quia voluptatem. Consectetur et natus dolores et. Optio eum aut deleniti ratione repudiandae culpa iste. Quae rerum vero quia omnis et iure.', 717, 9, 17, '2019-07-16 03:16:30', '2019-07-16 03:16:30'),
(92, 'qui', 'Sunt necessitatibus molestiae placeat est ipsa quas. Iusto vero quam pariatur facilis mollitia. Non magnam quidem quia nemo quo. Quas aliquam sit est dolore.', 559, 5, 7, '2019-07-16 03:16:31', '2019-07-16 03:16:31'),
(93, 'qui', 'Error porro tenetur consequatur aliquid ea aut. Nisi dignissimos labore est atque at omnis qui consequuntur. Consequuntur nesciunt nisi aliquid dignissimos repellat impedit neque non.', 678, 2, 29, '2019-07-16 03:16:31', '2019-07-16 03:16:31'),
(94, 'quis', 'Quo ipsam illum maxime voluptatem nobis sit impedit. Qui molestias reprehenderit similique eum eveniet id. Dolorem dolores dolorem minus possimus ut eius. Earum est expedita labore a quas suscipit.', 968, 5, 27, '2019-07-16 03:16:31', '2019-07-16 03:16:31'),
(95, 'cumque', 'Aut excepturi ipsum atque sit architecto dicta totam. Quisquam autem hic ducimus veritatis dolores placeat. In nihil autem aspernatur commodi. Consequuntur facilis minima sequi ipsum perferendis pariatur.', 860, 2, 14, '2019-07-16 03:16:31', '2019-07-16 03:16:31'),
(96, 'in', 'Pariatur nobis magni corrupti enim. Quia sit sequi ea sed voluptatibus ex ut. Temporibus eligendi ipsa tempora voluptas velit. Rerum laborum quod sapiente qui.', 599, 7, 7, '2019-07-16 03:16:31', '2019-07-16 03:16:31'),
(97, 'nemo', 'Aut architecto sapiente at ipsum velit. Adipisci quam eligendi non qui libero facere consectetur autem. Et cumque ratione et ex provident excepturi qui unde. Officia perferendis inventore dolor dolores ut.', 955, 9, 21, '2019-07-16 03:16:31', '2019-07-16 03:16:31'),
(98, 'omnis', 'Aliquam est suscipit dolor. Aut sunt eum sit voluptatibus dicta est alias. Rerum quam blanditiis et veniam quis suscipit.', 491, 1, 16, '2019-07-16 03:16:31', '2019-07-16 03:16:31'),
(99, 'quia', 'Sit inventore ut est repellat. Maxime sunt sit sint ut voluptatem cumque commodi dignissimos. Ipsam dolore et inventore consectetur enim quia et minus. Quaerat quasi nam nihil et et quod.', 857, 9, 15, '2019-07-16 03:16:31', '2019-07-16 03:16:31'),
(100, 'sit', 'Adipisci voluptate non cum facilis. Officia dolores sint quia labore porro sit fugiat. Aliquid molestias maxime sed neque et esse.', 919, 5, 10, '2019-07-16 03:16:31', '2019-07-16 03:16:31'),
(101, 'magni', 'Natus et accusantium asperiores omnis velit et voluptatem. Sint itaque maxime ad quis incidunt. Reiciendis perspiciatis saepe qui et.', 283, 3, 28, '2019-07-16 03:20:07', '2019-07-16 03:20:07'),
(102, 'necessitatibus', 'Aut odio ratione facere delectus voluptate id odio. Eius nemo in nulla. Excepturi sunt et atque illo et.', 672, 6, 27, '2019-07-16 03:20:07', '2019-07-16 03:20:07'),
(103, 'enim', 'Quod nemo quibusdam nesciunt non doloremque et. Sunt sit porro facere sed voluptatibus ipsa reiciendis beatae. Ipsam placeat aut sit rem praesentium.', 789, 8, 12, '2019-07-16 03:20:07', '2019-07-16 03:20:07'),
(104, 'quo', 'Sequi magni non iure minima. Nesciunt vel eaque eius similique porro. Unde cumque eius quod deserunt asperiores dolor ut. At aut expedita culpa id quo.', 607, 6, 11, '2019-07-16 03:20:07', '2019-07-16 03:20:07'),
(105, 'dolorem', 'Quo fugiat voluptatem voluptas et voluptatem est quisquam. Rerum placeat pariatur et error quisquam accusantium consequatur. Aut et quaerat sequi earum quisquam quia atque est. Eum expedita quam praesentium ea id quas possimus.', 710, 3, 21, '2019-07-16 03:20:07', '2019-07-16 03:20:07'),
(106, 'in', 'Ex dolores quibusdam veniam beatae qui provident laborum. Dolorem consectetur laboriosam ullam. Harum sed magni aliquid odit dolore quod.', 413, 6, 2, '2019-07-16 03:20:07', '2019-07-16 03:20:07'),
(107, 'sapiente', 'Impedit rem voluptatem dolorem qui voluptas. Quia vel dicta quos numquam ipsa minima. Ea velit ad voluptatem non. Eum harum esse consequatur quia quis reiciendis.', 886, 3, 4, '2019-07-16 03:20:07', '2019-07-16 03:20:07'),
(108, 'voluptatem', 'Odio in sed perspiciatis delectus aperiam voluptatibus aut. Animi doloribus ducimus optio ut. Sunt aut sit facere a est quo. Quis ducimus consequatur est voluptatum corrupti.', 484, 4, 16, '2019-07-16 03:20:07', '2019-07-16 03:20:07'),
(109, 'hic', 'Ad nobis nobis reprehenderit molestiae fugiat ut. Possimus fugit nostrum numquam excepturi quia dolor. Aut nihil tempora enim rerum.', 132, 0, 18, '2019-07-16 03:20:07', '2019-07-16 03:20:07'),
(110, 'architecto', 'Mollitia velit est eaque ratione. Quaerat reiciendis et et explicabo autem magni tenetur. Voluptatem dolore expedita velit in et. Velit cumque est voluptatem necessitatibus ut ipsum.', 934, 5, 2, '2019-07-16 03:20:07', '2019-07-16 03:20:07'),
(111, 'a', 'Iusto incidunt recusandae esse in totam. A earum eius voluptas non suscipit earum aliquid.', 354, 1, 9, '2019-07-16 03:20:07', '2019-07-16 03:20:07'),
(112, 'ut', 'Ipsa nulla asperiores qui odio. Corporis nemo libero et laborum et ipsum. Qui porro officia quis cum. Voluptatem ut qui cupiditate quia.', 836, 9, 28, '2019-07-16 03:20:07', '2019-07-16 03:20:07'),
(113, 'voluptatum', 'Sequi beatae sapiente rem sequi dignissimos cupiditate. Incidunt unde quia voluptas quia.', 856, 1, 29, '2019-07-16 03:20:07', '2019-07-16 03:20:07'),
(114, 'iure', 'Aperiam mollitia et saepe aliquid. Dignissimos vel architecto eos vel ut. Illum corrupti quam tempore deleniti et. Necessitatibus dolor id id perspiciatis similique sed.', 875, 3, 15, '2019-07-16 03:20:07', '2019-07-16 03:20:07'),
(115, 'sit', 'Occaecati sequi dicta quo et. Dolore voluptates esse dolor a et. Sit ad ab corrupti doloremque possimus consequuntur. Quo sed sed in minus sit quia aut. Et nihil quia voluptatem aspernatur sequi facilis.', 163, 8, 23, '2019-07-16 03:20:07', '2019-07-16 03:20:07'),
(116, 'quasi', 'Praesentium ducimus voluptatibus recusandae recusandae tempore deleniti. Placeat numquam saepe dolor repellendus molestias deleniti ab. Porro repellendus velit recusandae et enim.', 364, 3, 22, '2019-07-16 03:20:07', '2019-07-16 03:20:07'),
(117, 'veniam', 'Exercitationem dignissimos amet enim. Enim et qui adipisci veniam consequatur.', 223, 3, 9, '2019-07-16 03:20:08', '2019-07-16 03:20:08'),
(118, 'aut', 'Expedita nisi saepe pariatur consequuntur velit nemo harum est. Earum autem non autem aut in. Autem accusantium iure eaque. Consequuntur autem nobis est deserunt.', 717, 8, 20, '2019-07-16 03:20:08', '2019-07-16 03:20:08'),
(119, 'facilis', 'Accusamus esse iste excepturi ut minima aspernatur illum. Omnis odit sit ducimus quibusdam fugit.', 986, 3, 6, '2019-07-16 03:20:08', '2019-07-16 03:20:08'),
(120, 'necessitatibus', 'Dolor ut amet eaque similique exercitationem ab dolores. Ea id nisi est reprehenderit. Ut explicabo enim eveniet reiciendis similique qui. Quo consequuntur aut doloremque voluptates ut itaque natus temporibus.', 964, 9, 11, '2019-07-16 03:20:08', '2019-07-16 03:20:08'),
(121, 'quo', 'Eligendi enim vitae alias accusamus dolorum atque. Suscipit ut quo recusandae voluptas dignissimos hic est. Ratione minus et nam nulla. Ea veritatis totam qui aut ab est id. Ut quia vel placeat perferendis quo.', 141, 8, 2, '2019-07-16 03:20:08', '2019-07-16 03:20:08'),
(122, 'neque', 'Fugiat cupiditate itaque enim mollitia quia sunt. Ut ut at voluptas delectus distinctio dolores.', 706, 8, 7, '2019-07-16 03:20:08', '2019-07-16 03:20:08'),
(123, 'reprehenderit', 'Voluptatem et qui et harum voluptas magni. Quos doloribus dolore veniam et dolorem dolorem quo. Similique mollitia dicta labore nobis minima est quo ut.', 191, 2, 25, '2019-07-16 03:20:08', '2019-07-16 03:20:08'),
(124, 'et', 'Facilis provident dignissimos molestias qui explicabo nesciunt. Aut ipsum optio sapiente excepturi ipsa. Ab voluptas fugit autem temporibus odio sunt excepturi.', 852, 3, 16, '2019-07-16 03:20:08', '2019-07-16 03:20:08'),
(125, 'et', 'Nisi aut quia accusantium est officiis quos. Tempora explicabo vero voluptas. Laboriosam perferendis pariatur et odit in. Minima sapiente aperiam aut dolore.', 746, 9, 3, '2019-07-16 03:20:08', '2019-07-16 03:20:08'),
(126, 'et', 'Exercitationem laboriosam nisi explicabo fugit ut. Quae velit culpa quas culpa aperiam aut. Dolores numquam voluptatum assumenda. Est quas accusamus animi deserunt.', 563, 9, 6, '2019-07-16 03:20:08', '2019-07-16 03:20:08'),
(127, 'maiores', 'Aperiam quas non earum id minus. Nesciunt quasi sit neque voluptas illo et. Reprehenderit ad expedita quam. Blanditiis qui et autem aut alias.', 815, 6, 7, '2019-07-16 03:20:08', '2019-07-16 03:20:08'),
(128, 'quisquam', 'Atque aut aperiam perspiciatis ipsum delectus harum quia. Omnis rem et ullam officia cumque nam perspiciatis eaque. In ut aut dolor. Reiciendis pariatur quo provident reprehenderit.', 521, 6, 12, '2019-07-16 03:20:08', '2019-07-16 03:20:08'),
(129, 'non', 'Est aut alias quaerat eum non consequatur ut. Sit placeat provident ipsa quo possimus perspiciatis qui harum. Totam nulla est quia id. Consequuntur voluptate voluptatem rem et dolor quo atque quaerat. Omnis fuga quia velit aliquid nihil.', 763, 7, 23, '2019-07-16 03:20:08', '2019-07-16 03:20:08'),
(130, 'vel', 'Tenetur quia occaecati corrupti ut vel vero rem. Dolor ipsam itaque et sunt. Sed exercitationem autem atque perspiciatis.', 564, 5, 26, '2019-07-16 03:20:08', '2019-07-16 03:20:08'),
(131, 'rerum', 'Fugit similique soluta qui nihil et ipsum eveniet. Adipisci voluptas odit cumque unde natus illum facilis ut. Odit accusantium non impedit in. Nesciunt nulla pariatur reprehenderit omnis voluptatum.', 977, 8, 24, '2019-07-16 03:20:08', '2019-07-16 03:20:08'),
(132, 'maxime', 'Dolor magnam vel sit suscipit et. Quo odit accusantium nulla voluptatem dignissimos. Occaecati sequi excepturi non accusantium aut enim.', 905, 6, 21, '2019-07-16 03:20:08', '2019-07-16 03:20:08'),
(133, 'aut', 'Est non possimus magnam qui quia distinctio doloremque inventore. Sint voluptatum minus cumque est ex voluptatem consequatur. Repellendus quibusdam consequuntur officia dolore. Dolorem est inventore vitae optio et.', 875, 1, 18, '2019-07-16 03:20:08', '2019-07-16 03:20:08'),
(134, 'id', 'Magnam aliquid vel incidunt reprehenderit cumque eos culpa. Repellendus fugiat quis libero velit quia delectus. Ut incidunt sit qui quos facere. Provident optio cumque et nobis qui placeat et commodi.', 719, 7, 30, '2019-07-16 03:20:08', '2019-07-16 03:20:08'),
(135, 'eaque', 'Ullam dolorem ut harum et. Iste dolorum inventore quaerat a et blanditiis. Autem sapiente suscipit dolores assumenda eum atque.', 908, 0, 3, '2019-07-16 03:20:08', '2019-07-16 03:20:08'),
(136, 'molestiae', 'Id reprehenderit omnis provident dolore qui dolorum odio. Quia natus quia quasi amet. Facilis qui labore rerum fugit. Quam impedit aliquid facere fugiat amet hic.', 908, 4, 8, '2019-07-16 03:20:08', '2019-07-16 03:20:08'),
(137, 'accusantium', 'Illo animi id ipsum eum magni cum provident. Cumque qui blanditiis assumenda molestiae sequi voluptatem eius. Maiores tempore sed iure alias unde est quod.', 128, 2, 14, '2019-07-16 03:20:08', '2019-07-16 03:20:08'),
(138, 'consequatur', 'Non quasi id ea suscipit quia ut. Magni nihil vel facere ipsam. Doloremque est nam omnis magnam modi. Magnam dolorum maiores at odit.', 119, 6, 10, '2019-07-16 03:20:08', '2019-07-16 03:20:08'),
(139, 'autem', 'Quo aut commodi ea sed et at earum. Voluptatum optio nisi adipisci minus rem libero. Sapiente hic beatae ipsam ut.', 920, 9, 30, '2019-07-16 03:20:08', '2019-07-16 03:20:08'),
(140, 'cupiditate', 'Maiores et sint aperiam sit cum. Nam odio itaque est repudiandae enim. Repellat et omnis nam sequi cum omnis optio. Quo quidem vel doloremque magni. Sequi illum omnis mollitia rerum quas est et.', 160, 3, 13, '2019-07-16 03:20:08', '2019-07-16 03:20:08'),
(141, 'dolor', 'Omnis a cum recusandae similique et officia est voluptate. Beatae alias facere vitae aut. Sit tempore dolores velit error ut modi et. Ullam ipsum ratione eligendi repellat officiis cumque ad.', 229, 9, 13, '2019-07-16 03:20:08', '2019-07-16 03:20:08'),
(142, 'vero', 'Et labore quisquam doloribus voluptas quo eveniet. Molestiae ad ipsam fugit aut sit mollitia. Vel similique dolores saepe in. Velit eos perspiciatis aspernatur aliquid eos est sed.', 527, 3, 11, '2019-07-16 03:20:09', '2019-07-16 03:20:09'),
(143, 'praesentium', 'Esse quas nihil est eaque sunt deserunt occaecati. Quis occaecati quisquam necessitatibus. Vitae voluptatibus iste aut voluptatem quia.', 108, 0, 10, '2019-07-16 03:20:09', '2019-07-16 03:20:09'),
(144, 'cupiditate', 'Pariatur est similique accusantium vero. Est quasi nihil rem veniam libero doloremque. Fugiat vel quibusdam voluptatem et cupiditate eos reprehenderit et.', 892, 2, 21, '2019-07-16 03:20:09', '2019-07-16 03:20:09'),
(145, 'accusantium', 'Praesentium cum non sint est quas. Ex dicta numquam aut dolorum et id. Est magnam animi minima recusandae.', 846, 7, 26, '2019-07-16 03:20:09', '2019-07-16 03:20:09'),
(146, 'nostrum', 'Iure provident reiciendis at aut nihil. Et aut beatae quo cupiditate pariatur numquam veniam. Enim magnam voluptas quidem voluptas optio.', 123, 2, 29, '2019-07-16 03:20:09', '2019-07-16 03:20:09'),
(147, 'fugit', 'Accusantium eaque aperiam non ipsa. Consequuntur et sapiente ut debitis quibusdam magni. In voluptas aut id deleniti suscipit voluptas.', 847, 3, 30, '2019-07-16 03:20:09', '2019-07-16 03:20:09'),
(148, 'tenetur', 'Exercitationem voluptatem cum sint facilis at vel. Quisquam illo ut ex iste repellendus. Possimus qui vero voluptas sit quod.', 605, 5, 3, '2019-07-16 03:20:09', '2019-07-16 03:20:09'),
(149, 'pariatur', 'A sit rerum cupiditate expedita laborum. Exercitationem tenetur eum cum et aut eaque blanditiis. Libero aliquam et aut provident odio laborum id.', 590, 8, 6, '2019-07-16 03:20:09', '2019-07-16 03:20:09'),
(150, 'quia', 'Omnis sequi aut iste earum nihil. Et ipsum enim eos et. Dolorem voluptas minima ullam quia enim fuga.', 455, 3, 12, '2019-07-16 03:20:09', '2019-07-16 03:20:09'),
(151, 'voluptatibus', 'Corporis eum non occaecati impedit iste. Et temporibus nisi tempora quas ea eius debitis. Praesentium quibusdam voluptates optio animi qui cupiditate quisquam et.', 238, 7, 28, '2019-07-16 03:23:56', '2019-07-16 03:23:56'),
(152, 'reiciendis', 'Adipisci natus placeat in qui. Quas similique quis neque tempora magni qui sit magni. Nostrum dolores ut neque rerum quo voluptatum qui. Enim necessitatibus repudiandae repellendus saepe ex.', 738, 9, 18, '2019-07-16 03:23:56', '2019-07-16 03:23:56'),
(153, 'rerum', 'Ducimus qui labore qui. Iusto eveniet temporibus laboriosam voluptatem eligendi repellendus.', 337, 3, 20, '2019-07-16 03:23:56', '2019-07-16 03:23:56'),
(154, 'eum', 'Voluptatum ut sit error. Nisi est aspernatur velit nam. Beatae voluptate placeat at qui sed impedit possimus.', 419, 0, 2, '2019-07-16 03:23:56', '2019-07-16 03:23:56'),
(155, 'deserunt', 'Et quam doloribus voluptatem. Nesciunt consequatur aspernatur saepe et sit. Nobis non quasi qui soluta ut non. Pariatur aperiam doloremque distinctio dolorem. Dolor cumque voluptatem id ex.', 437, 3, 25, '2019-07-16 03:23:56', '2019-07-16 03:23:56'),
(156, 'quo', 'Animi explicabo explicabo deserunt dolores eos quis. Eos sit optio et sapiente. Iste expedita vero sed expedita aut.', 229, 1, 12, '2019-07-16 03:23:56', '2019-07-16 03:23:56'),
(157, 'aut', 'Cupiditate omnis minus dolores quis tempore illo quo. Aspernatur eveniet nihil nobis et. Alias consequatur enim exercitationem quaerat et consequatur.', 917, 3, 28, '2019-07-16 03:23:56', '2019-07-16 03:23:56'),
(158, 'animi', 'Qui repellat quidem eum reiciendis tenetur atque et. Voluptatem dolorum sit rerum voluptatum illo. Rem recusandae delectus architecto error nemo aspernatur asperiores et.', 521, 4, 7, '2019-07-16 03:23:56', '2019-07-16 03:23:56'),
(159, 'quia', 'Et ad culpa autem distinctio. Quia consequuntur aut ullam in. Eligendi sunt excepturi asperiores doloribus.', 173, 1, 7, '2019-07-16 03:23:57', '2019-07-16 03:23:57'),
(160, 'quo', 'Error et nemo quia sit. Aut error beatae expedita maxime et eius vitae. Dolores libero et quo temporibus. Dolores beatae magnam expedita iusto qui.', 218, 0, 28, '2019-07-16 03:23:57', '2019-07-16 03:23:57'),
(161, 'deserunt', 'Quam neque sint illum. Totam cum est qui odio veniam voluptas. Maiores voluptatem alias quos iste facere qui ipsa. Saepe ad corporis delectus dolores sit vero necessitatibus.', 967, 9, 11, '2019-07-16 03:23:57', '2019-07-16 03:23:57'),
(162, 'pariatur', 'Assumenda magni magnam non. Commodi magnam accusantium voluptate soluta harum dolorem sapiente. Nostrum nihil sunt libero nihil fuga ducimus placeat tempora.', 598, 0, 11, '2019-07-16 03:23:57', '2019-07-16 03:23:57'),
(163, 'similique', 'Exercitationem eos ut id facere qui modi accusantium. Illum vitae enim autem et perspiciatis occaecati. Alias enim est reiciendis assumenda doloremque. Perferendis atque vero sunt ipsam est corporis aperiam.', 596, 6, 28, '2019-07-16 03:23:57', '2019-07-16 03:23:57'),
(164, 'id', 'Exercitationem id et fuga qui qui molestias. Ut quo et enim non consectetur. Ab dolores non provident est sunt cupiditate similique. Expedita aliquid voluptas cum blanditiis est. Ut blanditiis quibusdam tenetur explicabo molestiae eos sint cupiditate.', 518, 9, 15, '2019-07-16 03:23:57', '2019-07-16 03:23:57'),
(165, 'voluptatem', 'Tenetur sint qui hic et. Rerum architecto iusto enim omnis. Tempore aperiam possimus ea id harum corporis ut in.', 279, 3, 9, '2019-07-16 03:23:57', '2019-07-16 03:23:57'),
(166, 'et', 'Ut sed rerum reprehenderit officia soluta. Vitae quia ad repellat doloribus magni vitae ut. Est excepturi eum aliquam voluptate sit impedit. Quam et fugit facere rem quis assumenda.', 611, 6, 26, '2019-07-16 03:23:57', '2019-07-16 03:23:57'),
(167, 'veniam', 'Qui nostrum earum illum sint aut quaerat natus. Nemo dolores dicta molestiae itaque non sit. Debitis nesciunt ea earum libero explicabo.', 495, 0, 5, '2019-07-16 03:23:57', '2019-07-16 03:23:57'),
(168, 'vero', 'Quod vitae accusantium dolorum velit dolorum. Pariatur necessitatibus odit aut exercitationem. Eum velit dolorum est et neque non quia. Nemo iste a excepturi consequatur et eos odit.', 987, 2, 10, '2019-07-16 03:23:57', '2019-07-16 03:23:57'),
(169, 'temporibus', 'Dolor voluptas saepe aut sed autem. Enim numquam non est sunt similique dolor molestias. Atque voluptatum aut laudantium occaecati non.', 148, 5, 7, '2019-07-16 03:23:57', '2019-07-16 03:23:57'),
(170, 'voluptas', 'Aperiam sed et voluptate et fugiat deserunt. Quasi laudantium qui consequatur voluptate eaque soluta quis. Aliquid in eum nemo reiciendis facilis natus.', 856, 5, 8, '2019-07-16 03:23:57', '2019-07-16 03:23:57'),
(171, 'labore', 'Odit sed aliquam odit illum aut pariatur. Sit in voluptas et et enim. Sed laudantium omnis delectus placeat aliquam sint ab deleniti. Est rerum a fuga totam.', 812, 6, 28, '2019-07-16 03:23:57', '2019-07-16 03:23:57'),
(172, 'ea', 'Ea voluptatem possimus corporis. Id cum nemo qui maxime. Pariatur corporis ea aut vel ipsum sunt nesciunt dolores. Id veniam doloremque laboriosam odio cumque aliquam nisi aliquam.', 682, 1, 19, '2019-07-16 03:23:57', '2019-07-16 03:23:57'),
(173, 'quia', 'Sint modi sit dicta sit explicabo. Nostrum aut quo ab recusandae delectus est. Quo voluptatem asperiores dolor sunt praesentium quia iusto.', 823, 9, 25, '2019-07-16 03:23:58', '2019-07-16 03:23:58'),
(174, 'rerum', 'Vel voluptatem asperiores illum dicta. Beatae ut provident velit porro quia vitae eum itaque. Inventore labore autem iste laborum quisquam.', 232, 4, 26, '2019-07-16 03:23:58', '2019-07-16 03:23:58'),
(175, 'facere', 'A nesciunt assumenda velit blanditiis et nobis unde. Impedit ratione ad libero est quo. Aut distinctio accusantium inventore deserunt esse voluptate placeat.', 427, 6, 7, '2019-07-16 03:23:58', '2019-07-16 03:23:58'),
(176, 'repellendus', 'Eaque aut omnis maxime et. Necessitatibus impedit et omnis vero quo et reprehenderit. Ab ad et id aut.', 668, 2, 16, '2019-07-16 03:23:58', '2019-07-16 03:23:58'),
(177, 'expedita', 'Deleniti dolorum in dignissimos et nesciunt recusandae officia. Praesentium magni rerum laboriosam est. Unde vitae tempore deleniti dolorum unde accusamus sint et. Ut ipsam sed ut ut repudiandae voluptatum.', 399, 6, 9, '2019-07-16 03:23:58', '2019-07-16 03:23:58'),
(178, 'qui', 'Ducimus error eius quidem maxime voluptatum aut. Alias et adipisci accusantium. Vero rerum in et labore error.', 965, 7, 6, '2019-07-16 03:23:58', '2019-07-16 03:23:58'),
(179, 'cum', 'Iste quo eos quidem excepturi quis. Mollitia magni consequuntur ut velit sit eius tempora voluptate. Veniam incidunt sit et. Odit dolores eligendi officia velit.', 635, 1, 19, '2019-07-16 03:23:58', '2019-07-16 03:23:58'),
(180, 'qui', 'Repellendus aut reprehenderit quia deserunt. Aliquid natus in laborum ut sit molestiae. Est et qui dolorum iusto quis eaque deserunt.', 636, 4, 5, '2019-07-16 03:23:58', '2019-07-16 03:23:58'),
(181, 'id', 'Consequatur delectus nobis delectus possimus. Provident vel quia sit ut vel et. Esse minus eaque enim voluptatem et provident eum.', 575, 4, 2, '2019-07-16 03:23:58', '2019-07-16 03:23:58'),
(182, 'amet', 'Sunt debitis occaecati tempora quos magnam nam odit. Suscipit voluptas qui qui molestiae et. Voluptas magni quibusdam dolorum atque. Occaecati consequatur quibusdam similique natus atque.', 190, 3, 23, '2019-07-16 03:23:58', '2019-07-16 03:23:58'),
(183, 'minus', 'Sit et repellat soluta delectus in est et. Accusamus mollitia quia illo itaque dolore. Esse rem molestias praesentium quis et perferendis veniam. Vitae eos blanditiis rem nisi.', 727, 9, 3, '2019-07-16 03:23:58', '2019-07-16 03:23:58'),
(184, 'libero', 'Dolor omnis est earum beatae nesciunt. Voluptatem maxime aut dolorem ea sed. Fugit velit aut aut ipsum iure doloribus sunt.', 199, 3, 29, '2019-07-16 03:23:58', '2019-07-16 03:23:58'),
(185, 'aut', 'Sunt nihil ut cum aut consequuntur voluptatem. Assumenda maiores pariatur error molestiae dolorem consectetur et. Mollitia et consequuntur voluptates deserunt voluptatem.', 487, 7, 7, '2019-07-16 03:23:58', '2019-07-16 03:23:58'),
(186, 'non', 'Dolorum debitis est autem dignissimos doloribus molestias. Provident quia maiores molestiae rerum qui nesciunt quos. Voluptas deserunt sunt alias perspiciatis minus nostrum. Iure unde soluta blanditiis quia.', 585, 1, 8, '2019-07-16 03:23:58', '2019-07-16 03:23:58'),
(187, 'a', 'Eum mollitia repudiandae et eos. Fugiat fuga pariatur ipsa. Consequatur et tempora soluta.', 696, 3, 15, '2019-07-16 03:23:58', '2019-07-16 03:23:58'),
(188, 'optio', 'Natus possimus aut est et atque voluptatem ut. Quis officia odio qui. Voluptate vero perferendis cumque voluptatem repellendus natus sapiente.', 678, 3, 14, '2019-07-16 03:23:58', '2019-07-16 03:23:58'),
(189, 'sit', 'Voluptas omnis velit ab alias minima deleniti. Vero et veritatis adipisci exercitationem omnis nesciunt voluptatem vel. Quae ut est voluptatem ea.', 253, 5, 17, '2019-07-16 03:23:58', '2019-07-16 03:23:58'),
(190, 'cum', 'Ipsam repellendus sint dolorem iusto sit enim. Ipsa eaque aut laboriosam molestiae. Dolorem perspiciatis ipsa consectetur magnam nihil et omnis. Perferendis quia ducimus et voluptatem natus est id.', 475, 9, 19, '2019-07-16 03:23:58', '2019-07-16 03:23:58'),
(191, 'veniam', 'Quasi architecto vitae ut et veniam. Pariatur sit aut sint enim omnis velit magnam. Ad est labore quia. Vel voluptatem sed odio nostrum repellendus deserunt dolorem.', 108, 7, 21, '2019-07-16 03:23:58', '2019-07-16 03:23:58'),
(192, 'officiis', 'Ut blanditiis beatae id vitae. Consequatur reiciendis voluptatem ipsum et qui. Expedita perferendis voluptatem porro ex excepturi eum.', 213, 9, 9, '2019-07-16 03:23:58', '2019-07-16 03:23:58'),
(193, 'assumenda', 'Aut ut commodi quo sit assumenda architecto. Est modi id consequatur cupiditate perferendis voluptas velit autem. Asperiores similique quidem cum eaque quia recusandae dolorum.', 589, 3, 29, '2019-07-16 03:23:58', '2019-07-16 03:23:58'),
(194, 'et', 'Iusto aut tenetur delectus. Distinctio sint perferendis corrupti unde. Perspiciatis labore voluptatem blanditiis sed.', 197, 9, 27, '2019-07-16 03:23:58', '2019-07-16 03:23:58'),
(195, 'molestiae', 'Nihil id iste nihil et quia dolores. Modi accusamus ea amet aspernatur id tenetur laboriosam. Exercitationem tenetur sint qui doloribus aut rerum sequi.', 857, 7, 22, '2019-07-16 03:23:58', '2019-07-16 03:23:58'),
(196, 'blanditiis', 'Et voluptates consequatur amet. Qui dolor non earum alias accusamus et et. Sunt pariatur laboriosam aut. Non iusto est fuga dolores sed.', 717, 0, 30, '2019-07-16 03:23:59', '2019-07-16 03:23:59'),
(197, 'voluptatibus', 'Tenetur culpa sed necessitatibus et expedita. Aut vitae non eos aut sapiente est omnis. Et tempora quam illum quisquam et quidem eos.', 114, 8, 26, '2019-07-16 03:23:59', '2019-07-16 03:23:59'),
(198, 'quia', 'A vel aliquid alias aut dolorum. Voluptas reprehenderit velit cupiditate dolorem est qui dolorem. Mollitia officiis et in in facilis voluptatibus consequatur. Id facilis a consequuntur error ut minus vel.', 420, 8, 23, '2019-07-16 03:23:59', '2019-07-16 03:23:59'),
(199, 'omnis', 'Aut commodi officia sed laboriosam qui. Id cupiditate laboriosam iusto et consectetur magnam architecto.', 670, 7, 6, '2019-07-16 03:23:59', '2019-07-16 03:23:59'),
(200, 'corporis', 'Sit repudiandae doloribus provident aperiam repellat itaque sint magni. Ea quas commodi accusantium et. Quod perferendis aut est exercitationem.', 813, 7, 16, '2019-07-16 03:23:59', '2019-07-16 03:23:59'),
(201, 'in', 'Dolor quibusdam dolores officia quo pariatur eligendi. Reprehenderit odio qui optio totam expedita. Blanditiis aspernatur aperiam velit similique fuga. Est esse sit velit ratione pariatur dolorum.', 688, 3, 19, '2019-07-16 03:25:01', '2019-07-16 03:25:01'),
(202, 'nihil', 'Quo id hic ab vel eius. Omnis sequi consequatur voluptatibus autem. Eum illo qui odit exercitationem qui amet perspiciatis.', 755, 7, 12, '2019-07-16 03:25:01', '2019-07-16 03:25:01'),
(203, 'quos', 'Qui quidem fuga atque possimus eum. Eveniet cumque provident rem cumque est vel. Sed magni rerum ipsa voluptatem tempora saepe consequatur. Blanditiis blanditiis error et et quo vel impedit.', 790, 8, 9, '2019-07-16 03:25:01', '2019-07-16 03:25:01'),
(204, 'minima', 'Modi est dolor sapiente hic dignissimos. Atque veniam unde qui fuga aut. Expedita ut ut nihil possimus.', 239, 8, 27, '2019-07-16 03:25:01', '2019-07-16 03:25:01'),
(205, 'voluptas', 'Maxime magni velit consequatur beatae praesentium error sed ut. Inventore dicta est culpa quas et expedita perferendis. Et fugit odit officia voluptatem tempore. Voluptas tempore qui odio perspiciatis aut esse est.', 230, 0, 5, '2019-07-16 03:25:01', '2019-07-16 03:25:01'),
(206, 'nostrum', 'Optio unde qui sit et aperiam culpa. Assumenda animi omnis reiciendis minima dignissimos maxime voluptas maxime. Quia et dolor omnis saepe. Sit perspiciatis libero ea earum architecto. Minima voluptas explicabo id architecto ut perferendis neque.', 645, 1, 20, '2019-07-16 03:25:01', '2019-07-16 03:25:01'),
(207, 'ut', 'Qui quia dolorem culpa et quidem repellat. Et iure totam quas sunt enim nihil. Necessitatibus consequatur officia iure non. Soluta fuga sapiente assumenda molestiae.', 523, 1, 4, '2019-07-16 03:25:01', '2019-07-16 03:25:01'),
(208, 'delectus', 'Itaque recusandae voluptatem ipsa quo possimus qui cupiditate officiis. Corporis ad quia fugiat et excepturi aut. Nihil explicabo aut optio facere consequatur cupiditate. Odio eligendi eos et similique hic rerum et.', 285, 6, 19, '2019-07-16 03:25:01', '2019-07-16 03:25:01'),
(209, 'rerum', 'Consequuntur et hic aut. Officia officia est pariatur nam dolores. Consectetur officiis harum veniam nemo soluta qui est.', 570, 2, 15, '2019-07-16 03:25:01', '2019-07-16 03:25:01'),
(210, 'cupiditate', 'Tempore laborum vel at voluptate in. Vitae libero tenetur qui excepturi eum harum sed. Nihil debitis aut non et.', 659, 5, 22, '2019-07-16 03:25:01', '2019-07-16 03:25:01'),
(211, 'veritatis', 'Eveniet pariatur eum sed id in et. Quam cupiditate illum ea necessitatibus nobis fugiat consequatur. Saepe fugit et voluptas fuga.', 644, 2, 2, '2019-07-16 03:25:01', '2019-07-16 03:25:01'),
(212, 'optio', 'Recusandae enim quod dolore optio ex qui. Saepe qui veritatis a eos maxime exercitationem magnam. Dolorem ut quas consequuntur fugiat ut et.', 892, 7, 14, '2019-07-16 03:25:01', '2019-07-16 03:25:01'),
(213, 'dolores', 'Repellat explicabo accusantium impedit aperiam. Velit eius et consectetur. Dolores aut numquam quis qui.', 399, 1, 25, '2019-07-16 03:25:01', '2019-07-16 03:25:01'),
(214, 'veniam', 'Deserunt est expedita et tempore hic corporis. Eaque et eos non sed. Vitae voluptatum a esse veritatis.', 423, 3, 26, '2019-07-16 03:25:01', '2019-07-16 03:25:01'),
(215, 'at', 'Sequi rerum eius quaerat ipsum ea laboriosam. Assumenda quia rerum enim modi. Est veritatis doloremque error.', 420, 9, 5, '2019-07-16 03:25:01', '2019-07-16 03:25:01'),
(216, 'dicta', 'Facilis nobis earum neque delectus quo. Eum eveniet distinctio autem minus magni. Pariatur et ut inventore optio. Porro velit ut voluptates enim mollitia.', 984, 6, 7, '2019-07-16 03:25:01', '2019-07-16 03:25:01');
INSERT INTO `products` (`id`, `name`, `detail`, `price`, `stock`, `discount`, `created_at`, `updated_at`) VALUES
(217, 'id', 'Ipsa nihil voluptas dolor eaque. Delectus incidunt rerum fuga possimus sed facilis. Iste vitae aspernatur aspernatur sit ad.', 582, 7, 14, '2019-07-16 03:25:01', '2019-07-16 03:25:01'),
(218, 'cupiditate', 'Odio quia quibusdam odit aspernatur tempora iure et. Voluptatem delectus non modi autem ducimus. Est amet perspiciatis quia consequatur eveniet hic.', 794, 7, 18, '2019-07-16 03:25:01', '2019-07-16 03:25:01'),
(219, 'corrupti', 'Fugit cupiditate eos non ea aut voluptate magnam. Unde et tenetur vel eos aut debitis debitis. Ipsam aut et dolor eos minima.', 854, 3, 21, '2019-07-16 03:25:02', '2019-07-16 03:25:02'),
(220, 'doloribus', 'Modi ut eum aut consequuntur et. Facilis aut aut omnis adipisci eum ut vel. Delectus qui rerum aut dolores. Veniam et laudantium numquam cupiditate sed illo nobis sit.', 877, 2, 16, '2019-07-16 03:25:02', '2019-07-16 03:25:02'),
(221, 'et', 'Est et laudantium aut aut est. Quia id qui distinctio totam. Harum rem dicta explicabo ut esse minima id. Minus quis quia quos consequatur iusto eos.', 399, 2, 12, '2019-07-16 03:25:02', '2019-07-16 03:25:02'),
(222, 'ut', 'Sint esse illum qui eaque non. Omnis harum eius quo aperiam sint rem. Qui in id delectus voluptatem consequatur. Error sunt itaque praesentium vel recusandae aliquam tempora eligendi.', 353, 2, 3, '2019-07-16 03:25:02', '2019-07-16 03:25:02'),
(223, 'vitae', 'Ducimus aliquam sit ad in laudantium. Id quis occaecati voluptatibus aut quis. Ipsum eligendi placeat voluptas labore vel reprehenderit. Qui dolor ullam at omnis minus voluptatum.', 356, 5, 28, '2019-07-16 03:25:02', '2019-07-16 03:25:02'),
(224, 'id', 'Tempore sit quibusdam dolores corporis voluptatem et. Provident dolor eius sed at. Assumenda eaque ratione expedita incidunt nobis repudiandae eum. Perspiciatis omnis et aliquam dignissimos sit placeat.', 204, 0, 18, '2019-07-16 03:25:02', '2019-07-16 03:25:02'),
(225, 'necessitatibus', 'Possimus facere illo dolores quasi et porro voluptatibus. Ut a alias in excepturi itaque quaerat. Dicta corrupti atque culpa.', 359, 3, 18, '2019-07-16 03:25:02', '2019-07-16 03:25:02'),
(226, 'minima', 'Enim nam recusandae tempore explicabo a voluptatem. Assumenda ut occaecati laborum nihil et laudantium. Porro est dolorum in maxime eum voluptate quia expedita.', 740, 5, 14, '2019-07-16 03:25:02', '2019-07-16 03:25:02'),
(227, 'quam', 'Ut deserunt quia ipsa consequatur aut doloremque sit. Eligendi optio consequatur perferendis est voluptatem et voluptas. Accusamus tenetur dolores autem qui.', 497, 1, 22, '2019-07-16 03:25:02', '2019-07-16 03:25:02'),
(228, 'ut', 'Quas eum explicabo quibusdam itaque nihil aliquam in. Nam consequatur autem vel laudantium voluptatem adipisci. Qui et porro mollitia. Enim quia assumenda minima aliquid dolorem.', 146, 1, 27, '2019-07-16 03:25:02', '2019-07-16 03:25:02'),
(229, 'ducimus', 'Sit in et earum velit ut. Quod ipsam eos quas voluptatum. Facere at nihil dolorem sed nobis sit magni rerum. Dolores velit debitis expedita sequi eius.', 409, 1, 21, '2019-07-16 03:25:02', '2019-07-16 03:25:02'),
(230, 'quis', 'Molestiae ratione est aut aut. Eveniet quis nihil architecto modi nostrum. Molestiae minima alias optio neque. Cumque ut adipisci quia.', 238, 0, 20, '2019-07-16 03:25:02', '2019-07-16 03:25:02'),
(231, 'ipsa', 'Deserunt et molestias quo. Deserunt ut dignissimos qui sit. Debitis ullam doloribus autem ut est.', 266, 0, 29, '2019-07-16 03:25:02', '2019-07-16 03:25:02'),
(232, 'et', 'Minus accusantium nulla animi harum nulla et est. Ea et consectetur reiciendis omnis aspernatur explicabo. Consequatur asperiores sit maxime.', 723, 1, 29, '2019-07-16 03:25:02', '2019-07-16 03:25:02'),
(233, 'aut', 'Corporis non et sapiente rerum perferendis consequuntur molestiae. Autem reiciendis in ut debitis et. Provident est magni delectus magni.', 344, 6, 14, '2019-07-16 03:25:02', '2019-07-16 03:25:02'),
(234, 'voluptatem', 'Iusto ab dicta nemo suscipit. Autem non possimus sint quod corrupti sit adipisci. Fugiat omnis facere dolorem et quis voluptatibus facilis.', 581, 2, 10, '2019-07-16 03:25:02', '2019-07-16 03:25:02'),
(235, 'aut', 'Ad dignissimos enim rerum expedita dolores explicabo qui. Eum neque dolor corrupti nulla. Debitis autem iste qui exercitationem repellat autem molestiae non. Enim sint incidunt quod odio placeat quis harum. Voluptatem nihil sint sed excepturi quia est.', 796, 6, 28, '2019-07-16 03:25:02', '2019-07-16 03:25:02'),
(236, 'eius', 'Natus aliquid est culpa et vero. Natus dolores quisquam voluptatem et et corrupti. Corrupti in perspiciatis sunt. Enim distinctio ut consequuntur animi. Facere repudiandae veniam quis voluptatem sint.', 243, 2, 28, '2019-07-16 03:25:02', '2019-07-16 03:25:02'),
(237, 'rerum', 'Ad et beatae atque illum adipisci qui. Sit dolores perspiciatis facere. Qui nam a sit in.', 862, 8, 21, '2019-07-16 03:25:02', '2019-07-16 03:25:02'),
(238, 'odio', 'Quos odio fuga quae omnis assumenda beatae quisquam quidem. Quidem at dolores eligendi impedit eum id voluptatibus corrupti. Et reiciendis dolor similique qui enim. Quo quisquam sunt temporibus voluptatem vero. Nulla nihil vero ipsa enim.', 796, 1, 28, '2019-07-16 03:25:02', '2019-07-16 03:25:02'),
(239, 'provident', 'Nihil dolor sed incidunt voluptate. Dicta at adipisci ut voluptatibus corrupti eum molestiae. Maxime omnis beatae quas nam. Ab blanditiis iste ullam totam a voluptatem est.', 240, 1, 16, '2019-07-16 03:25:02', '2019-07-16 03:25:02'),
(240, 'esse', 'Tempora laborum perferendis autem unde maiores asperiores. Sit tempore quis non enim reprehenderit enim. Aliquam architecto quas officiis sit temporibus dolores. Doloribus quisquam architecto nihil voluptatem.', 744, 5, 29, '2019-07-16 03:25:02', '2019-07-16 03:25:02'),
(241, 'minus', 'Cum maxime impedit dolor consequatur tenetur deserunt. Et optio possimus velit non voluptate esse est voluptate. Officia sit sint non qui reprehenderit ducimus est. Modi assumenda facere qui doloremque voluptas qui iusto.', 878, 1, 15, '2019-07-16 03:25:03', '2019-07-16 03:25:03'),
(242, 'qui', 'Quisquam sed sed et nesciunt. Facilis saepe magnam eos. Ratione nobis iste quasi doloribus porro. Illo occaecati est maiores voluptatum ducimus.', 112, 4, 14, '2019-07-16 03:25:03', '2019-07-16 03:25:03'),
(243, 'et', 'Est odit dicta totam dolorem et rem. Nesciunt delectus sed repellendus dolorem iure ut rerum. Laborum dolores voluptas qui atque sapiente reiciendis.', 767, 7, 23, '2019-07-16 03:25:03', '2019-07-16 03:25:03'),
(244, 'repudiandae', 'Exercitationem rerum non optio optio eaque eius fugit animi. Voluptas quis vel corporis ratione. Ipsam et recusandae quis accusantium incidunt voluptatem rerum. Excepturi aut et dicta.', 892, 9, 7, '2019-07-16 03:25:03', '2019-07-16 03:25:03'),
(245, 'corporis', 'Architecto neque ut molestiae temporibus mollitia voluptatibus. Ab facere vitae esse. Accusamus quia delectus qui voluptas sit quaerat molestias.', 208, 7, 6, '2019-07-16 03:25:03', '2019-07-16 03:25:03'),
(246, 'sit', 'Inventore voluptatem sed quaerat atque quo laudantium blanditiis. Explicabo iure labore cum recusandae eaque labore velit. Et consequatur maiores deleniti nihil repudiandae. Illo ipsa sint et sed.', 287, 3, 11, '2019-07-16 03:25:03', '2019-07-16 03:25:03'),
(247, 'ipsa', 'Et qui corrupti ut eius hic animi consequuntur laboriosam. Sit voluptas autem tenetur nulla ut odit ut. Eius a id qui odio alias culpa.', 116, 3, 8, '2019-07-16 03:25:03', '2019-07-16 03:25:03'),
(248, 'dolor', 'Asperiores sint cum tenetur aut sit commodi mollitia. Porro quibusdam eum ut corrupti pariatur. Est ullam sed voluptate numquam incidunt dicta quia enim. Dolores nostrum similique et.', 233, 4, 3, '2019-07-16 03:25:03', '2019-07-16 03:25:03'),
(249, 'atque', 'Est consequuntur porro fuga adipisci facere est distinctio. Aliquid omnis animi excepturi a est. Animi totam natus quam odio minus. Quidem porro dolores reiciendis voluptatem labore.', 181, 7, 17, '2019-07-16 03:25:03', '2019-07-16 03:25:03'),
(250, 'nihil', 'Repellendus quo voluptatem dolor neque atque et. Nostrum id culpa officiis corrupti culpa qui. Quia voluptatum sint ut reiciendis.', 849, 7, 29, '2019-07-16 03:25:03', '2019-07-16 03:25:03');

-- --------------------------------------------------------

--
-- Table structure for table `reviews`
--

CREATE TABLE `reviews` (
  `id` bigint(20) UNSIGNED NOT NULL,
  `product_id` int(10) UNSIGNED NOT NULL,
  `customer` varchar(255) COLLATE utf8mb4_unicode_ci NOT NULL,
  `review` text COLLATE utf8mb4_unicode_ci NOT NULL,
  `star` int(11) NOT NULL,
  `created_at` timestamp NULL DEFAULT NULL,
  `updated_at` timestamp NULL DEFAULT NULL
) ENGINE=InnoDB DEFAULT CHARSET=utf8mb4 COLLATE=utf8mb4_unicode_ci;

--
-- Dumping data for table `reviews`
--

INSERT INTO `reviews` (`id`, `product_id`, `customer`, `review`, `star`, `created_at`, `updated_at`) VALUES
(1, 41, 'Jettie Klein', 'Id reiciendis repudiandae quibusdam ut fugit et magnam. Praesentium maxime sed quaerat est sapiente minima quia cum. Nisi perspiciatis voluptatem deserunt aperiam rerum animi aliquam. Et sed voluptate enim autem voluptate.', 2, '2019-07-16 03:25:04', '2019-07-16 03:25:04'),
(2, 23, 'Mae Marquardt', 'Libero harum aut est dignissimos sed non et culpa. Voluptatem expedita veniam minima. Facilis sunt doloribus et id veniam omnis aut. Et enim id qui.', 5, '2019-07-16 03:25:04', '2019-07-16 03:25:04'),
(3, 141, 'Velma Bogisich', 'Magnam voluptas quis inventore est incidunt illo rem suscipit. Est quos vel molestiae molestias sint atque. Dolor sit vel in adipisci vitae ut ab. Dignissimos sunt incidunt qui amet minima ullam quia.', 1, '2019-07-16 03:25:04', '2019-07-16 03:25:04'),
(4, 70, 'Mr. Oren Becker III', 'Unde voluptatum inventore quibusdam necessitatibus accusantium. Voluptates sed ratione debitis omnis reiciendis. Doloremque aut rerum vel.', 2, '2019-07-16 03:25:05', '2019-07-16 03:25:05'),
(5, 70, 'Leonardo Streich', 'Molestias consequatur repudiandae accusamus in voluptas earum. Amet quisquam explicabo magnam voluptatibus tempore illo non. Eveniet aut recusandae et repudiandae aut dolores nesciunt.', 1, '2019-07-16 03:25:05', '2019-07-16 03:25:05'),
(6, 92, 'Linnie Rodriguez IV', 'Eius eveniet enim debitis non at rerum. Veniam modi neque corporis est cupiditate. Totam qui praesentium et recusandae dolores officiis.', 2, '2019-07-16 03:25:05', '2019-07-16 03:25:05'),
(7, 70, 'Easton Ryan', 'Nesciunt quam totam laudantium ullam officiis voluptatem eaque fugiat. Veniam fugiat velit et placeat rerum quo hic. Temporibus recusandae reiciendis id quos quidem ab fuga. Quas facere doloribus necessitatibus id culpa sed.', 4, '2019-07-16 03:25:05', '2019-07-16 03:25:05'),
(8, 117, 'Miss Sierra Davis', 'Quisquam itaque qui atque aut et vero aliquid. Id facere voluptatum accusantium. Eum ipsam optio at qui sunt.', 3, '2019-07-16 03:25:05', '2019-07-16 03:25:05'),
(9, 165, 'Evalyn Konopelski', 'Qui quos repudiandae autem facilis doloremque consectetur quidem. Dolor sunt nostrum voluptatem adipisci laudantium quo. Non vero voluptatibus reiciendis laudantium. Commodi commodi ea nostrum amet ut dolores voluptas omnis.', 1, '2019-07-16 03:25:05', '2019-07-16 03:25:05'),
(10, 204, 'Jaron Ledner III', 'Dolor nesciunt cupiditate saepe voluptatum reprehenderit maxime non quia. Dignissimos soluta ullam ut itaque. Qui est et iste consequatur voluptas eum quo soluta. Eos blanditiis voluptatibus sed cupiditate et odio.', 2, '2019-07-16 03:25:05', '2019-07-16 03:25:05'),
(11, 77, 'Solon Labadie', 'Nesciunt dolorem aperiam rerum reprehenderit quasi sapiente sit. Quibusdam totam ut quibusdam occaecati eveniet quo. Necessitatibus dicta dolorum ullam tenetur voluptates distinctio ut fugit.', 5, '2019-07-16 03:25:05', '2019-07-16 03:25:05'),
(12, 17, 'Dr. Rigoberto Bergstrom', 'Vero non consequatur non aut commodi. Ut perferendis dolorem fugiat sint vero molestiae. Asperiores et eius sit cumque. Assumenda nihil quis quo molestiae.', 5, '2019-07-16 03:25:05', '2019-07-16 03:25:05'),
(13, 202, 'Elda Howell DVM', 'Et hic ipsa aliquam maiores. Aut iusto dolorem architecto est. Repellat aut harum at impedit.', 3, '2019-07-16 03:25:05', '2019-07-16 03:25:05'),
(14, 221, 'Eula Konopelski IV', 'Laudantium reiciendis atque et molestiae minus officiis nihil. Et tempora aut aspernatur ullam aut doloremque molestias. Nihil eveniet et iste voluptatem et cumque cumque. Laborum et deleniti expedita recusandae omnis.', 3, '2019-07-16 03:25:05', '2019-07-16 03:25:05'),
(15, 227, 'Connor Runte', 'Saepe voluptas quia odit ratione voluptates. Corrupti ipsum et et officiis a dolor. Occaecati id hic enim quia ut exercitationem.', 2, '2019-07-16 03:25:05', '2019-07-16 03:25:05'),
(16, 212, 'Asa Dietrich IV', 'Sed placeat et dolor nam est et eos itaque. Qui animi reprehenderit minus et dolore. Voluptatem exercitationem minus dolores eligendi iste. Expedita corrupti non ut beatae et.', 5, '2019-07-16 03:25:05', '2019-07-16 03:25:05'),
(17, 108, 'Chase Wintheiser', 'Ducimus officiis consequatur assumenda. Vitae hic harum enim optio sint. Sed deleniti minima voluptatem magnam.', 2, '2019-07-16 03:25:05', '2019-07-16 03:25:05'),
(18, 66, 'Mr. Uriah Kub', 'Eum voluptatum odio fugiat voluptatum. At sed repellendus eaque perspiciatis quo sed eos. Consequuntur autem in eligendi eligendi molestiae nemo.', 2, '2019-07-16 03:25:05', '2019-07-16 03:25:05'),
(19, 221, 'Kira Tromp', 'Et assumenda dicta dolor voluptatibus iste voluptatem. Harum fuga sit optio optio corrupti nostrum a. Dolores rerum nam totam neque quia aliquid. Dolor quas asperiores tempora.', 5, '2019-07-16 03:25:05', '2019-07-16 03:25:05'),
(20, 109, 'Stanley Bradtke', 'Incidunt sunt unde ullam dolor eius. Culpa eligendi impedit et molestiae quo laborum inventore. Ex quia qui magnam quod quia reprehenderit.', 2, '2019-07-16 03:25:05', '2019-07-16 03:25:05'),
(21, 249, 'Sim Ullrich', 'Earum architecto provident magnam nesciunt aut. Rerum laborum quaerat ratione et placeat. Possimus ea cumque sit tenetur in. Odio voluptatem saepe sunt qui. Sint fuga incidunt error est.', 5, '2019-07-16 03:25:05', '2019-07-16 03:25:05'),
(22, 60, 'Audie Hickle', 'Aliquid minus unde officia iure. Error dolores quisquam velit corrupti ut quis.', 3, '2019-07-16 03:25:05', '2019-07-16 03:25:05'),
(23, 198, 'Elisha Bednar', 'Voluptas praesentium facere vitae unde ratione. Nulla aut voluptatum et ad sed aut dolores. Sed doloremque animi rem consequuntur quas.', 5, '2019-07-16 03:25:05', '2019-07-16 03:25:05'),
(24, 31, 'Gracie Gutmann', 'Quas ea aut quos dolorem voluptatem non eligendi. Qui et excepturi asperiores enim.', 0, '2019-07-16 03:25:05', '2019-07-16 03:25:05'),
(25, 43, 'Miss Jena McClure', 'Eius nulla in et iure sed ea. Fugiat occaecati numquam quas voluptatem eum doloremque magni. Veritatis est earum et perspiciatis. Saepe deserunt nemo ea dignissimos id qui assumenda.', 3, '2019-07-16 03:25:05', '2019-07-16 03:25:05'),
(26, 213, 'Sven Reichert', 'Consequatur quo itaque facere. Soluta aspernatur dolores rerum fugit aspernatur. Enim sint eos eligendi maiores. Excepturi tempore placeat doloribus sunt rerum.', 3, '2019-07-16 03:25:05', '2019-07-16 03:25:05'),
(27, 86, 'Prof. Philip Keeling Sr.', 'Quo nobis tempore perspiciatis optio. Inventore aut rem illo aut. Quasi minima qui pariatur modi omnis.', 5, '2019-07-16 03:25:05', '2019-07-16 03:25:05'),
(28, 129, 'Hayley Bartell', 'Eos voluptatem necessitatibus voluptatem magnam est. Distinctio voluptatem animi sed velit. Cum totam nesciunt et delectus repudiandae sit in architecto.', 2, '2019-07-16 03:25:05', '2019-07-16 03:25:05'),
(29, 155, 'Alfredo Gutmann', 'Ad consequatur et reprehenderit expedita fugit consequatur dolore et. Aut consequuntur eligendi laboriosam numquam facilis. Voluptas quis sunt itaque.', 4, '2019-07-16 03:25:05', '2019-07-16 03:25:05'),
(30, 232, 'Deshawn Abernathy', 'Quasi quia iste ut nulla nam est. Harum ad nostrum ad voluptas et consectetur. Id porro vel sit fuga et quas et quia. Eos provident libero iure harum.', 3, '2019-07-16 03:25:05', '2019-07-16 03:25:05'),
(31, 178, 'Keshawn Hills', 'Cupiditate qui iste a quis nemo et iste non. Esse dolores possimus est modi voluptatem. Fuga quia architecto quaerat laudantium vel ut.', 1, '2019-07-16 03:25:05', '2019-07-16 03:25:05'),
(32, 50, 'Lavonne Sporer', 'Cum quibusdam ipsam dicta qui dignissimos ut tempora. Totam aut quia ea cupiditate. Odit non suscipit voluptatibus aut possimus. Voluptatem saepe aut sed perferendis enim ut qui.', 0, '2019-07-16 03:25:06', '2019-07-16 03:25:06'),
(33, 103, 'Ward Robel', 'Voluptas reiciendis laboriosam necessitatibus. Nobis quibusdam corporis labore asperiores. Et voluptatibus soluta aperiam non suscipit. Nihil labore quia consequatur aut et.', 0, '2019-07-16 03:25:06', '2019-07-16 03:25:06'),
(34, 231, 'Justine Hettinger', 'Vel rerum in ratione praesentium. Illo fuga iusto quam eum voluptatibus quod autem. Ut et alias cum delectus esse recusandae beatae.', 1, '2019-07-16 03:25:06', '2019-07-16 03:25:06'),
(35, 229, 'Nelda Smitham', 'Omnis corrupti fugiat excepturi in illo minima. Id voluptatem enim dignissimos veritatis. Unde facere laboriosam quaerat ipsa in porro. Nobis aperiam modi cum hic.', 0, '2019-07-16 03:25:06', '2019-07-16 03:25:06'),
(36, 91, 'Mrs. Cathryn Wolff I', 'Dolorum praesentium labore modi cum suscipit laborum in aut. Non molestiae maxime rem. Nulla provident fuga assumenda eaque tenetur tempora repellendus. Eum distinctio quia corporis velit saepe.', 3, '2019-07-16 03:25:06', '2019-07-16 03:25:06'),
(37, 12, 'Syble Borer', 'Architecto eaque quis soluta cum. Assumenda neque cum totam dignissimos quisquam rerum. Eum earum nisi excepturi nostrum tempore.', 2, '2019-07-16 03:25:06', '2019-07-16 03:25:06'),
(38, 68, 'Edgar Johnson', 'Fugiat ipsa quaerat quos sit eum accusantium. Quae aut veritatis vero quibusdam ab asperiores et. Qui excepturi voluptates et nihil labore deleniti.', 3, '2019-07-16 03:25:06', '2019-07-16 03:25:06'),
(39, 157, 'Lane Towne MD', 'Voluptatibus sunt et exercitationem voluptatem repellendus. Harum quia doloribus voluptatibus numquam a optio odit. Voluptatem placeat necessitatibus quas ipsa.', 2, '2019-07-16 03:25:06', '2019-07-16 03:25:06'),
(40, 159, 'Kraig Blanda', 'Fugit aut ut officia et qui. Sit sed odit et laborum neque dolor itaque. Blanditiis voluptates qui totam sunt aliquam molestiae. Totam laboriosam quam ipsa error corrupti. Sed fuga officia non.', 2, '2019-07-16 03:25:06', '2019-07-16 03:25:06'),
(41, 180, 'Kendrick Nikolaus', 'Mollitia consequatur itaque laudantium incidunt est aut est. Delectus nulla dolorum consequuntur quaerat quidem eaque et et. Laboriosam quidem est suscipit ipsum.', 0, '2019-07-16 03:25:06', '2019-07-16 03:25:06'),
(42, 172, 'Dr. Milan Skiles', 'Dicta accusantium quidem autem unde expedita. Eos eos qui id sed alias eum aut. Est est occaecati quisquam deleniti rerum aut suscipit temporibus. Eos et enim maxime.', 5, '2019-07-16 03:25:06', '2019-07-16 03:25:06'),
(43, 163, 'Kennith Feil', 'Sequi omnis quam temporibus excepturi omnis. Aut qui recusandae ad sed maiores aut quia. Dolor ut et qui repudiandae dolorem.', 3, '2019-07-16 03:25:06', '2019-07-16 03:25:06'),
(44, 71, 'Earl Leuschke', 'Adipisci nemo facere veniam corrupti. Sequi magnam velit quia. Est possimus ea quo voluptatem. Voluptatem soluta ea ipsum inventore.', 4, '2019-07-16 03:25:06', '2019-07-16 03:25:06'),
(45, 170, 'Liana Simonis MD', 'Asperiores quia rerum sapiente repudiandae. Et assumenda et ipsa voluptate repellendus odit. Est fuga ad et odio. Omnis id id rerum quod voluptatum facilis a. Eum ducimus et rerum voluptatem.', 3, '2019-07-16 03:25:06', '2019-07-16 03:25:06'),
(46, 109, 'Araceli Wiza', 'Sed tempore consectetur quia aperiam dolorum quia deleniti mollitia. Deleniti quis aperiam consequatur nihil est.', 4, '2019-07-16 03:25:06', '2019-07-16 03:25:06'),
(47, 126, 'Dr. Dennis Streich III', 'Corrupti soluta odio sint. Maiores inventore quod aut neque harum laboriosam reiciendis. Quisquam ad ratione amet totam explicabo totam.', 5, '2019-07-16 03:25:06', '2019-07-16 03:25:06'),
(48, 120, 'Rebeka Kerluke', 'Explicabo alias quia a ipsa modi possimus. Aliquid et quia enim consequatur cupiditate sed earum libero. Dignissimos repellat in ad est qui eum quas.', 0, '2019-07-16 03:25:06', '2019-07-16 03:25:06'),
(49, 41, 'Ms. Alysa Homenick DVM', 'Eligendi sit possimus reiciendis. Eius dignissimos ipsa laborum ut ratione illum. Unde facere aut ut et fugit consectetur et. Itaque voluptatibus nihil quia molestiae temporibus.', 3, '2019-07-16 03:25:06', '2019-07-16 03:25:06'),
(50, 52, 'Susan Swaniawski', 'Ducimus mollitia quam qui est et et consequatur. Et modi recusandae ad molestiae quos eveniet. Porro consequatur libero dolore qui rerum. Dolorem qui temporibus in.', 0, '2019-07-16 03:25:06', '2019-07-16 03:25:06'),
(51, 45, 'Miss Kali Beer IV', 'Cum eos veniam sit et asperiores consequatur ea. Reprehenderit quo est est eum. Fuga iste natus cumque illo.', 1, '2019-07-16 03:25:06', '2019-07-16 03:25:06'),
(52, 54, 'Henry Schinner', 'Aliquid amet et blanditiis aut sed omnis id iste. Iste harum enim exercitationem sapiente similique. Nemo nobis deserunt odit soluta optio vel sit. Hic et id molestias dolore vel consequatur consequatur sit. Dolore commodi molestias provident repellendus.', 4, '2019-07-16 03:25:06', '2019-07-16 03:25:06'),
(53, 129, 'Elisha Wunsch', 'Et ducimus velit id itaque tenetur. Id repellat repellat natus vel consequatur. Unde voluptatibus et ipsa optio.', 5, '2019-07-16 03:25:06', '2019-07-16 03:25:06'),
(54, 116, 'Dr. Rodger Cassin IV', 'Architecto facere eos aliquam et quod aut eius. Est veniam dolorum ut eligendi vel delectus corrupti. Doloribus est molestiae velit quod porro maiores vitae.', 0, '2019-07-16 03:25:06', '2019-07-16 03:25:06'),
(55, 60, 'Retha Jaskolski I', 'Aut porro quidem quod saepe. Velit dolore qui vero illum voluptatem quis numquam consequatur. Assumenda sed ipsa ab numquam voluptatibus rem consequatur quidem. Voluptatem et autem beatae eos odio ut.', 5, '2019-07-16 03:25:07', '2019-07-16 03:25:07'),
(56, 214, 'Tatum Ortiz', 'Ut esse asperiores atque quasi enim molestiae. Laudantium velit at aliquam laudantium tenetur saepe. Modi doloremque alias explicabo voluptatem officia.', 2, '2019-07-16 03:25:07', '2019-07-16 03:25:07'),
(57, 161, 'Jeremy Mohr', 'Ut quae consequuntur quidem esse esse modi et. Enim et saepe perspiciatis et numquam ducimus.', 0, '2019-07-16 03:25:07', '2019-07-16 03:25:07'),
(58, 2, 'Mr. Ephraim Harvey PhD', 'Maxime neque et placeat molestias possimus blanditiis. Consequatur ut qui aut. Occaecati eveniet et deleniti fuga. Neque qui fugiat inventore occaecati velit soluta ut repellendus.', 4, '2019-07-16 03:25:07', '2019-07-16 03:25:07'),
(59, 145, 'Tyler Gibson V', 'Esse est expedita ipsa quos quod ipsam. Sit ut maxime suscipit impedit reiciendis. Ipsa voluptas velit quia ipsum nostrum sit numquam.', 3, '2019-07-16 03:25:07', '2019-07-16 03:25:07'),
(60, 54, 'Damion Kub', 'Et ea et sit quia. Totam explicabo illum voluptatibus commodi accusantium dolore ipsum. Amet dolorem rem nostrum eos suscipit. Saepe fuga sit sit aspernatur consequuntur illo error inventore.', 4, '2019-07-16 03:25:07', '2019-07-16 03:25:07'),
(61, 45, 'Mr. Sim Dickens V', 'Et sed eos quia repudiandae. Fuga consequatur est nulla ipsum nobis maiores est et. Rerum maxime neque nihil.', 5, '2019-07-16 03:25:07', '2019-07-16 03:25:07'),
(62, 43, 'Dr. Dillon Blick', 'Assumenda nesciunt maiores aut exercitationem eum. Maxime totam optio harum et accusamus. Totam et maiores fugiat at. Voluptas voluptas ratione inventore earum.', 2, '2019-07-16 03:25:07', '2019-07-16 03:25:07'),
(63, 25, 'Gay Wuckert', 'Tenetur qui repellendus tempora vitae quos. Consequatur incidunt dolorum et consequatur molestiae eum adipisci. Non enim et deleniti a accusantium eius voluptas.', 0, '2019-07-16 03:25:07', '2019-07-16 03:25:07'),
(64, 236, 'Marlee Ortiz IV', 'Autem nihil ad exercitationem ut. Officiis voluptas sed nemo asperiores numquam est. Quia nesciunt ducimus at accusantium sint dignissimos autem voluptatem. Vel eos laboriosam molestiae omnis.', 2, '2019-07-16 03:25:07', '2019-07-16 03:25:07'),
(65, 49, 'Mr. Kobe Erdman II', 'Dolores perspiciatis dolores temporibus voluptas qui. Cupiditate tempora quam nam non neque. Laudantium unde voluptatem labore distinctio.', 5, '2019-07-16 03:25:07', '2019-07-16 03:25:07'),
(66, 179, 'Prof. Laurine Hammes DVM', 'Aut quidem at eligendi dolorum voluptatem aut animi. Qui iure et animi omnis. Omnis voluptatem optio odit dolorem sit.', 4, '2019-07-16 03:25:07', '2019-07-16 03:25:07'),
(67, 240, 'Dr. Blanca Glover', 'Doloremque voluptas quaerat numquam quae. Qui et asperiores dolores omnis. Delectus soluta aut et consequatur sint repudiandae.', 2, '2019-07-16 03:25:07', '2019-07-16 03:25:07'),
(68, 34, 'Olga Sipes MD', 'Et minus velit vero sit suscipit quod quidem. Harum aut est sed id molestiae suscipit qui. Vel ut sit autem alias. Sed molestias et sunt nisi modi. Tempora saepe animi deleniti.', 4, '2019-07-16 03:25:07', '2019-07-16 03:25:07'),
(69, 90, 'Mabel Marquardt PhD', 'Rerum dolores enim incidunt dolores beatae quae qui. Sed accusantium corrupti libero consequatur dolor sit sit. Harum quam eos ipsum eos iste voluptate.', 4, '2019-07-16 03:25:07', '2019-07-16 03:25:07'),
(70, 117, 'Alta Brakus', 'Omnis in cum velit sint alias quo culpa qui. Similique exercitationem aut et nobis repellat molestias qui.', 1, '2019-07-16 03:25:07', '2019-07-16 03:25:07'),
(71, 86, 'Jordon Grant', 'Cumque quo corporis ipsa aspernatur rerum. Deserunt quis error reprehenderit. Tempora eligendi at nobis esse quisquam. Rerum tenetur totam in reprehenderit optio nisi. Facilis ipsa ut delectus dignissimos hic doloremque tempora.', 0, '2019-07-16 03:25:07', '2019-07-16 03:25:07'),
(72, 220, 'Ms. Vanessa Farrell I', 'Dicta odio magnam consequatur. Inventore vitae et maiores. Dolor alias iure molestias iusto qui explicabo ut. Explicabo voluptatem dicta tempora excepturi sequi voluptatem.', 2, '2019-07-16 03:25:07', '2019-07-16 03:25:07'),
(73, 48, 'Johnny Bernier V', 'Voluptatum culpa voluptas quia facere esse. Consequatur provident voluptas sapiente esse laudantium aut. Dolorem voluptatem ipsam qui perferendis debitis aut.', 3, '2019-07-16 03:25:07', '2019-07-16 03:25:07'),
(74, 20, 'Lavonne Cummerata', 'Nostrum debitis et voluptate odio nihil. In itaque perspiciatis ducimus quo voluptatibus. Error corporis odit nobis placeat.', 2, '2019-07-16 03:25:07', '2019-07-16 03:25:07'),
(75, 34, 'Prof. Kendall Zulauf II', 'At molestiae vitae aliquam accusamus ad nemo magnam. Id accusantium autem non facere sit ratione veritatis minima. Provident et eum id aut. Odio unde mollitia nihil rerum deserunt quidem.', 5, '2019-07-16 03:25:07', '2019-07-16 03:25:07'),
(76, 26, 'Merl Crist III', 'Aut a dolor veniam sed. Perferendis sequi tempore esse eveniet temporibus officiis rem. Nisi veritatis magnam illum iure id.', 5, '2019-07-16 03:25:08', '2019-07-16 03:25:08'),
(77, 183, 'Kiera Herman', 'Dolorem sint in veniam qui. Voluptatibus ad facilis dolore sed ducimus. Reiciendis autem pariatur vel et dignissimos iste exercitationem. Molestiae fugiat blanditiis assumenda ut accusantium aut est.', 2, '2019-07-16 03:25:08', '2019-07-16 03:25:08'),
(78, 36, 'Jo Hagenes MD', 'Adipisci soluta atque cumque dolores in. Vel totam mollitia id accusantium. Provident excepturi velit dignissimos et aspernatur et.', 2, '2019-07-16 03:25:08', '2019-07-16 03:25:08'),
(79, 143, 'Ms. Hailee Pfeffer DVM', 'Voluptatem aliquam placeat vel nihil. Eligendi totam occaecati laudantium temporibus tempora. Explicabo cupiditate laudantium labore eum itaque occaecati voluptates.', 4, '2019-07-16 03:25:08', '2019-07-16 03:25:08'),
(80, 78, 'Nedra Greenfelder', 'Sed quo pariatur ut nesciunt. Et numquam similique omnis et repudiandae et. Quis ratione tempora soluta corrupti.', 5, '2019-07-16 03:25:08', '2019-07-16 03:25:08'),
(81, 29, 'Magnolia Reynolds', 'Voluptas ratione laudantium voluptatem. Et et voluptatem deserunt explicabo quae id saepe sint. Rerum ab inventore nihil dicta velit. Reiciendis possimus nihil exercitationem asperiores error amet.', 1, '2019-07-16 03:25:08', '2019-07-16 03:25:08'),
(82, 181, 'Vince Sawayn', 'Aut a sed est qui aut. Voluptas tenetur quisquam harum architecto nulla. Atque harum perferendis eum consectetur hic id qui ducimus. Officiis voluptate dolorem eligendi quia ut qui. Repudiandae aut ex enim vel assumenda.', 4, '2019-07-16 03:25:08', '2019-07-16 03:25:08'),
(83, 44, 'Randi Medhurst', 'Occaecati distinctio qui quos optio dicta quod consequuntur. Minus ea fugit cum iure nihil non.', 3, '2019-07-16 03:25:08', '2019-07-16 03:25:08'),
(84, 154, 'Alfred Sauer', 'Tenetur et nihil magni eligendi illo amet minus. Et in aut nobis. Molestiae et recusandae dolorem vel est qui. Et dolor in blanditiis aut enim cum.', 3, '2019-07-16 03:25:08', '2019-07-16 03:25:08'),
(85, 192, 'Kristoffer Rippin', 'Nostrum alias sit harum autem dolorem. Vel nemo itaque voluptate. Aut unde nesciunt sit ut ut ab ratione.', 5, '2019-07-16 03:25:08', '2019-07-16 03:25:08'),
(86, 170, 'Yesenia Torp', 'Et molestiae et nesciunt sint et aut. Est est molestiae iusto qui aut. Numquam tempora molestias nobis eligendi. A dolorem sit ut qui voluptas porro.', 0, '2019-07-16 03:25:08', '2019-07-16 03:25:08'),
(87, 133, 'Prof. Lenna Jacobi', 'Nemo animi perspiciatis soluta vitae harum. Ullam aspernatur error et expedita qui est quae. Possimus tempore porro ut et tempore tempore veritatis nihil. Maxime iusto quas possimus et molestiae est.', 3, '2019-07-16 03:25:08', '2019-07-16 03:25:08'),
(88, 157, 'Miss Erna Spencer V', 'Occaecati sit repellat adipisci nemo dolore et. Veniam sequi et laboriosam temporibus et explicabo molestiae. Quod aliquid repellendus suscipit quam. Ea nihil qui vero.', 3, '2019-07-16 03:25:08', '2019-07-16 03:25:08'),
(89, 117, 'Jewell Douglas PhD', 'Eum consequatur dolor est tempora recusandae quo. Voluptates corporis dolor ullam tempora illo aut. Aspernatur perferendis iusto consequatur natus rem voluptates et.', 5, '2019-07-16 03:25:08', '2019-07-16 03:25:08'),
(90, 19, 'Miss Viola Wolff', 'Sint illum commodi possimus libero. Et odit eveniet consequatur est consequatur voluptatem. Vitae in necessitatibus ipsa repudiandae harum ipsum odit.', 3, '2019-07-16 03:25:08', '2019-07-16 03:25:08'),
(91, 238, 'Aracely Gleichner', 'Doloremque neque consequatur optio quae. Aperiam vel natus aliquid similique. Quisquam iusto repudiandae molestiae beatae architecto.', 2, '2019-07-16 03:25:08', '2019-07-16 03:25:08'),
(92, 108, 'Jake Bashirian', 'Repellat distinctio minus quia repellendus quo nihil. Adipisci molestiae impedit incidunt ipsa et quia. Doloremque repudiandae et dolores est voluptatem deserunt vel assumenda.', 5, '2019-07-16 03:25:08', '2019-07-16 03:25:08'),
(93, 110, 'Doyle Haag', 'In dolorem pariatur quia vel rem. Fugit exercitationem earum et saepe ut soluta. Exercitationem excepturi quidem ut architecto sed. Et eveniet recusandae ratione repudiandae voluptas dolore.', 2, '2019-07-16 03:25:08', '2019-07-16 03:25:08'),
(94, 93, 'Jody Weimann IV', 'Nisi exercitationem dicta veritatis aut rem aut eos. Distinctio reprehenderit sit porro quia excepturi doloremque sunt. Possimus aut accusantium totam ut dolorem corporis natus. Et odio a fuga placeat id molestiae accusamus inventore.', 2, '2019-07-16 03:25:08', '2019-07-16 03:25:08'),
(95, 42, 'Ferne Bernier', 'Voluptatem qui adipisci ea magnam quo reprehenderit sint. Voluptas fuga corporis dolorum qui explicabo fugit. Aut quidem ut et tempore ab sint molestias. Accusantium sunt aut omnis qui ad explicabo.', 3, '2019-07-16 03:25:08', '2019-07-16 03:25:08'),
(96, 5, 'Mossie King II', 'Voluptatem cum amet quo sed mollitia autem fuga. Labore itaque autem architecto omnis quibusdam quo. Sit debitis dolor molestiae. Quibusdam eius exercitationem est.', 4, '2019-07-16 03:25:08', '2019-07-16 03:25:08'),
(97, 7, 'Felton Kiehn', 'Et earum adipisci non aut. Quia laudantium reprehenderit nesciunt error asperiores.', 3, '2019-07-16 03:25:08', '2019-07-16 03:25:08'),
(98, 206, 'Mrs. Edna Larson PhD', 'Iure molestiae vel accusantium possimus illo praesentium itaque aut. Repellat animi eum dolorem voluptates. Earum quam at qui quia ut et doloremque.', 5, '2019-07-16 03:25:08', '2019-07-16 03:25:08'),
(99, 153, 'Omari Pfannerstill', 'Et qui quos quia et officiis et. Tempora enim quae velit aut qui explicabo. Enim cupiditate eum voluptas debitis omnis maxime.', 3, '2019-07-16 03:25:08', '2019-07-16 03:25:08'),
(100, 133, 'Jeanie Barrows', 'Eius at qui quis quia. Autem consectetur numquam repellendus occaecati. Qui accusantium sed esse temporibus praesentium velit.', 4, '2019-07-16 03:25:08', '2019-07-16 03:25:08'),
(101, 178, 'Prof. Bud Wilkinson', 'Voluptas nostrum qui aut. Quasi cumque vero eveniet accusamus perspiciatis sed minima qui. Magni architecto ratione ratione qui. Ea alias est sunt repellat vitae saepe.', 4, '2019-07-16 03:25:08', '2019-07-16 03:25:08'),
(102, 203, 'Montana Cartwright', 'Repellat harum fugiat explicabo ut autem similique voluptas. Doloremque nostrum quae commodi eaque perferendis. Expedita voluptatum tempore voluptas voluptates harum quo. Repudiandae vel natus sunt enim qui.', 1, '2019-07-16 03:25:09', '2019-07-16 03:25:09'),
(103, 82, 'Trace Kuhlman', 'Dolorem laboriosam atque doloribus et necessitatibus. Non quae soluta ut reiciendis molestiae velit optio. Ipsum deserunt officiis iusto qui.', 3, '2019-07-16 03:25:09', '2019-07-16 03:25:09'),
(104, 121, 'Dr. Britney Hayes', 'Ea veniam consequatur porro saepe voluptatum quisquam quidem commodi. Amet nihil et ratione. Eum impedit accusamus atque voluptas et ut.', 0, '2019-07-16 03:25:09', '2019-07-16 03:25:09'),
(105, 80, 'River Reynolds DDS', 'Fugit ipsam hic a officia. Animi expedita facere amet ipsa. Nemo voluptas laborum quam eligendi ratione. Sed adipisci exercitationem nam.', 3, '2019-07-16 03:25:09', '2019-07-16 03:25:09'),
(106, 149, 'Elvie Paucek', 'Similique neque maiores iusto deserunt quas dicta magnam. Quo ipsa iste ullam ipsam. Dolorem dignissimos ut aspernatur quia praesentium.', 2, '2019-07-16 03:25:09', '2019-07-16 03:25:09'),
(107, 246, 'Effie Price', 'Laboriosam ab iure debitis blanditiis ullam cumque accusamus dolor. Et voluptate nam eum harum aliquid voluptas. Quia et aut aliquam et culpa nihil. Cupiditate et culpa porro omnis est consequatur quam. Corporis earum nesciunt similique eaque natus necessitatibus.', 5, '2019-07-16 03:25:09', '2019-07-16 03:25:09'),
(108, 2, 'Pauline Hammes MD', 'Dolorem architecto nemo deleniti quod eos blanditiis ut. Tempore consequatur et odit ex illum. Ut tempore est nulla odio. Inventore iusto fugiat beatae consequatur cum velit provident.', 0, '2019-07-16 03:25:09', '2019-07-16 03:25:09'),
(109, 28, 'Tressa Fadel', 'Nisi magnam unde magni in. Laudantium qui et possimus earum est labore. Repellendus neque debitis nostrum earum ratione dicta. Dolorem veniam assumenda nemo distinctio quia.', 5, '2019-07-16 03:25:09', '2019-07-16 03:25:09'),
(110, 30, 'Prof. Daphne Heidenreich V', 'Numquam velit aut aliquam at harum ipsam eos. Exercitationem laborum sed voluptas esse. Ratione temporibus laudantium voluptas aut illo maiores aperiam. Culpa libero hic dolore ut debitis et. Id debitis iusto quam dignissimos.', 2, '2019-07-16 03:25:09', '2019-07-16 03:25:09'),
(111, 195, 'Dr. Zane Jacobson', 'Odit iste sint quod corrupti sequi impedit sit. Ut iusto aut sunt repellendus.', 2, '2019-07-16 03:25:09', '2019-07-16 03:25:09'),
(112, 188, 'Dr. Jefferey Gutkowski', 'Voluptas fuga facere et. Neque et perspiciatis dolores numquam. Rerum quis saepe quibusdam veniam. Saepe excepturi nulla voluptatem voluptatum aliquam quidem iure.', 3, '2019-07-16 03:25:09', '2019-07-16 03:25:09'),
(113, 236, 'Dr. Deondre Feeney DDS', 'Et voluptatem sapiente numquam asperiores eius. Consequuntur dignissimos velit natus quam voluptatem. Eum aut et dolorem et reprehenderit.', 3, '2019-07-16 03:25:09', '2019-07-16 03:25:09'),
(114, 73, 'Milo Purdy', 'Eos itaque quae magnam. Expedita dolores laudantium qui ut recusandae.', 5, '2019-07-16 03:25:09', '2019-07-16 03:25:09'),
(115, 159, 'Prof. Rylee Tremblay', 'Ipsam et cumque neque necessitatibus consequatur velit. Eveniet et voluptas veniam fuga et vitae.', 0, '2019-07-16 03:25:09', '2019-07-16 03:25:09'),
(116, 223, 'Gayle Schamberger', 'Ut repudiandae vero velit aspernatur perspiciatis voluptas deleniti. Est qui minus ut. Necessitatibus dolorum distinctio ut aliquam. Deleniti quia temporibus omnis.', 1, '2019-07-16 03:25:09', '2019-07-16 03:25:09'),
(117, 205, 'Dr. Brett Nader DDS', 'Est sit perspiciatis odit expedita consequuntur. Maiores iure nam impedit id quia tenetur. Nulla quisquam saepe incidunt laborum voluptas sit.', 0, '2019-07-16 03:25:09', '2019-07-16 03:25:09'),
(118, 177, 'Terrance Torp IV', 'Facere fuga placeat et velit. Aut dicta autem magnam.', 5, '2019-07-16 03:25:09', '2019-07-16 03:25:09'),
(119, 185, 'Giuseppe Stracke', 'Aut sequi molestiae excepturi autem. Et deserunt minima quis accusantium incidunt voluptas. Excepturi tempora voluptatum non aut rerum.', 0, '2019-07-16 03:25:09', '2019-07-16 03:25:09'),
(120, 176, 'Kenton Green', 'Ad qui aut consequatur exercitationem qui quo. Voluptatem soluta eum natus fugit harum consequuntur aliquid dolorem.', 2, '2019-07-16 03:25:09', '2019-07-16 03:25:09'),
(121, 1, 'Dr. Milo Braun Jr.', 'Maxime est non ut sequi at ipsa sed. Quisquam eius voluptatem sed illo unde. Esse ipsam numquam distinctio aliquid dicta cupiditate provident nisi. Debitis alias a consequatur ut aut.', 3, '2019-07-16 03:25:09', '2019-07-16 03:25:09'),
(122, 110, 'Eugenia Armstrong', 'Velit quo officiis libero ab quae quo voluptas. Dolorem accusantium aliquam sed non aut et et. Ullam illum laboriosam optio architecto praesentium nobis cum qui.', 1, '2019-07-16 03:25:09', '2019-07-16 03:25:09'),
(123, 46, 'Danny Wuckert', 'Est quod deleniti facere quod. Distinctio pariatur non est dolorem. Aut et incidunt eius culpa libero dolorum vel dicta.', 3, '2019-07-16 03:25:09', '2019-07-16 03:25:09'),
(124, 68, 'Dr. Isabella Kuhn', 'Sapiente blanditiis quae incidunt voluptate. Mollitia fugiat perferendis eos ut explicabo. Est reiciendis et qui sed impedit. Aliquid quasi doloribus ipsum aperiam minus.', 1, '2019-07-16 03:25:10', '2019-07-16 03:25:10'),
(125, 79, 'Jevon Dibbert', 'Dolor deserunt occaecati illum porro. Soluta veritatis et ad nesciunt doloribus. Nihil id in iusto et enim corporis sit. Officiis molestiae ea repudiandae minima nesciunt velit soluta.', 1, '2019-07-16 03:25:10', '2019-07-16 03:25:10'),
(126, 206, 'Ms. Elyse Daniel', 'Fugit alias et sequi est tempore tempore sit. Ratione est voluptatem vitae omnis tempora. Ut labore rerum id id. Possimus sit autem quas non sint vitae laboriosam.', 1, '2019-07-16 03:25:10', '2019-07-16 03:25:10'),
(127, 132, 'Wendy Grimes IV', 'Qui omnis impedit et. Vel dolorem facilis qui ex tempore accusamus facere. Voluptates est consectetur consequatur facilis aut perspiciatis minus.', 4, '2019-07-16 03:25:10', '2019-07-16 03:25:10'),
(128, 49, 'Otilia Swift', 'Nihil cumque id hic illum et consectetur. Earum dicta atque vel maxime delectus. Quisquam eos odio unde explicabo et. Dolorem ut ab fuga delectus aperiam voluptatem et.', 1, '2019-07-16 03:25:10', '2019-07-16 03:25:10'),
(129, 181, 'Dax Romaguera', 'Quos rerum cumque aut sint. Porro et ut facere. Nam praesentium et explicabo sint nesciunt. Autem quas vitae architecto nihil hic consequatur dolorum.', 0, '2019-07-16 03:25:10', '2019-07-16 03:25:10'),
(130, 47, 'Randi Maggio', 'Ad nam natus necessitatibus. Ipsam minus sunt velit ut tenetur dignissimos saepe.', 1, '2019-07-16 03:25:10', '2019-07-16 03:25:10'),
(131, 114, 'Donato Schmidt I', 'Voluptates beatae eum asperiores qui non aut aut architecto. Aut ab et quaerat aliquid est rerum qui. Beatae qui dolores et expedita et.', 3, '2019-07-16 03:25:10', '2019-07-16 03:25:10'),
(132, 6, 'Rhianna Muller Jr.', 'Blanditiis eum iste fugit autem non. Sequi voluptatum velit sit quibusdam rem.', 1, '2019-07-16 03:25:10', '2019-07-16 03:25:10'),
(133, 223, 'Margarette Koss', 'Mollitia aperiam eaque in qui earum aut. Non a dicta est ut laborum. Ipsam molestias consequatur qui sequi ducimus molestiae dolor. Distinctio earum sunt provident non reiciendis. Doloribus facilis sunt fuga id et ut.', 4, '2019-07-16 03:25:10', '2019-07-16 03:25:10'),
(134, 118, 'Simeon Rempel MD', 'Recusandae ab minus est. Illum et dolore aut sit voluptatem pariatur. Dolores aut magni fugiat commodi exercitationem quidem voluptatem eius. Velit sed consequatur dolor quia unde.', 3, '2019-07-16 03:25:10', '2019-07-16 03:25:10'),
(135, 45, 'Glenna Daugherty', 'Nobis dolore id neque rerum sequi aspernatur vero. Iusto voluptatem voluptas fugiat qui odit dolore. Dolorum voluptatem necessitatibus sunt harum est vitae aut. Doloribus culpa voluptas rerum earum quae voluptas qui. Delectus neque iure adipisci nisi eligendi et.', 1, '2019-07-16 03:25:10', '2019-07-16 03:25:10'),
(136, 149, 'Prof. Gianni Jones IV', 'Culpa nisi alias aliquam voluptates maxime eum voluptas non. Sunt hic doloremque tempore laudantium quas enim.', 3, '2019-07-16 03:25:10', '2019-07-16 03:25:10'),
(137, 184, 'Maggie Lubowitz', 'Sed repudiandae dolore ut deleniti modi in. Velit alias exercitationem distinctio aut vero accusantium dolorem repellendus. Omnis architecto distinctio earum enim.', 3, '2019-07-16 03:25:10', '2019-07-16 03:25:10'),
(138, 93, 'Avis Hermiston', 'Et nostrum qui rerum cumque doloribus qui sed error. Ea quia aut provident et ratione debitis. Asperiores est tempora suscipit sint pariatur. Aspernatur veniam debitis ea consequuntur aut ab. Quam voluptas itaque sit aut sapiente.', 5, '2019-07-16 03:25:10', '2019-07-16 03:25:10'),
(139, 225, 'Ned Satterfield', 'Natus perspiciatis fugiat qui facere amet. Et esse non qui id aut. Ut culpa incidunt repellat.', 4, '2019-07-16 03:25:10', '2019-07-16 03:25:10'),
(140, 61, 'Amely Zieme PhD', 'Quam ut qui totam consequuntur. Earum voluptatum dolores animi ut est adipisci. Voluptates impedit ea omnis ducimus nam tempore. Recusandae qui dolorum autem harum harum tenetur. Temporibus voluptas sunt error maiores sequi eius.', 0, '2019-07-16 03:25:10', '2019-07-16 03:25:10'),
(141, 69, 'Ms. Maudie Ortiz IV', 'Aspernatur est accusantium ut. Animi ratione architecto minima. Nemo reprehenderit ea nulla voluptas id laborum molestiae.', 1, '2019-07-16 03:25:10', '2019-07-16 03:25:10'),
(142, 233, 'Prof. Julius Daugherty DVM', 'Deleniti officia est sit aspernatur omnis placeat. Qui molestiae aspernatur error omnis tenetur. Hic voluptatem qui debitis officia atque.', 1, '2019-07-16 03:25:10', '2019-07-16 03:25:10'),
(143, 139, 'Angelo Brown', 'Voluptatem aut tempora perspiciatis quisquam ut quia. Repellendus quos architecto est. Maiores atque nostrum aperiam cumque.', 2, '2019-07-16 03:25:10', '2019-07-16 03:25:10'),
(144, 56, 'Sallie Douglas', 'Distinctio iste et et aliquid voluptas culpa quasi quos. Ut dolor ipsam quo ab recusandae. Omnis beatae asperiores aperiam ad consequatur eveniet ipsum. In molestiae doloremque aliquam nulla iusto repellendus eum ut.', 3, '2019-07-16 03:25:10', '2019-07-16 03:25:10'),
(145, 229, 'Nick Gulgowski Sr.', 'Non et est tempore impedit enim libero. Totam consequatur nam perspiciatis iusto. Et quis et tempore numquam corporis quo.', 1, '2019-07-16 03:25:10', '2019-07-16 03:25:10'),
(146, 236, 'Torey Kessler', 'Qui dignissimos pariatur natus tempora eveniet fugit veniam. Incidunt temporibus vel dolorum provident voluptas. Pariatur magnam non praesentium soluta necessitatibus. Debitis et ipsum enim velit sapiente.', 3, '2019-07-16 03:25:10', '2019-07-16 03:25:10'),
(147, 6, 'Sallie Mann', 'Necessitatibus voluptates eius quia architecto a eum blanditiis. Nulla soluta cum est consequuntur aut architecto quia. Voluptatem voluptatem voluptates velit nisi sed.', 1, '2019-07-16 03:25:11', '2019-07-16 03:25:11'),
(148, 141, 'Opal Fahey', 'Voluptatem eum dicta sequi quas doloribus explicabo. Blanditiis voluptatem quas ut. Unde incidunt omnis vel cum tempore enim. Aliquid itaque praesentium nobis exercitationem esse corrupti.', 5, '2019-07-16 03:25:11', '2019-07-16 03:25:11'),
(149, 210, 'Vivianne Rogahn Jr.', 'Provident rerum assumenda porro in nihil eveniet officiis. Veritatis assumenda illo eum expedita nobis. Vero corrupti quia voluptas itaque inventore quas nihil.', 4, '2019-07-16 03:25:11', '2019-07-16 03:25:11'),
(150, 56, 'Katlynn Purdy Jr.', 'Officia nisi nobis molestias sit incidunt est similique nisi. Et veniam quam voluptate et cupiditate ut voluptate. Sunt libero ut ducimus error dolor commodi praesentium.', 0, '2019-07-16 03:25:11', '2019-07-16 03:25:11'),
(151, 89, 'Gunnar Kassulke', 'Quis dolor nesciunt ut animi dicta. Consequatur et consectetur officiis. Libero iste odit eligendi voluptatem cumque culpa est. Accusantium voluptatibus dolor a distinctio.', 5, '2019-07-16 03:25:11', '2019-07-16 03:25:11'),
(152, 234, 'Erick Labadie', 'In modi error optio et assumenda. Doloremque dolorum odio accusamus non est occaecati numquam. Magnam rem iure explicabo voluptatem beatae qui. Fugiat quia autem iste ea modi deserunt voluptatem.', 1, '2019-07-16 03:25:11', '2019-07-16 03:25:11'),
(153, 67, 'Beaulah Denesik I', 'Accusantium molestiae sequi dolorum quia. Doloremque et soluta rerum error et omnis ut. Praesentium ut laboriosam qui labore assumenda molestiae. Quia odit saepe repellendus voluptatibus qui quis sed.', 0, '2019-07-16 03:25:11', '2019-07-16 03:25:11'),
(154, 21, 'Ulices Herzog', 'Sunt aliquam laudantium id asperiores dolores aut vitae. Vel beatae maxime placeat. Dolorem qui id provident et dolor.', 1, '2019-07-16 03:25:11', '2019-07-16 03:25:11'),
(155, 190, 'Dr. Aleen Grimes', 'Aut et omnis sed tenetur illo. Tenetur quis amet quaerat velit. Et voluptate molestias quae veniam ab non.', 5, '2019-07-16 03:25:11', '2019-07-16 03:25:11'),
(156, 21, 'Oleta Veum', 'Autem magni suscipit explicabo est. Velit dolores molestiae vero. Inventore veniam fugiat nam tempora sed qui. Fugiat minima beatae quia molestiae.', 4, '2019-07-16 03:25:11', '2019-07-16 03:25:11'),
(157, 116, 'Cecilia Considine Jr.', 'Ut sed esse est nemo dolorum quis. Dicta ut ea doloribus non voluptatibus quod. Laboriosam reprehenderit maiores ex et laboriosam ex est nobis. Accusantium unde nam consequatur aspernatur dolor corrupti debitis in.', 3, '2019-07-16 03:25:11', '2019-07-16 03:25:11'),
(158, 135, 'Dr. Juanita Olson Sr.', 'Neque enim cumque id reiciendis. Distinctio quis sit tenetur expedita corrupti. Ad dolores reiciendis aut sit ea. Et assumenda dicta aut. Dolorem asperiores sed laborum saepe architecto in.', 4, '2019-07-16 03:25:11', '2019-07-16 03:25:11'),
(159, 172, 'Ardella Lindgren V', 'In mollitia magnam neque molestiae perferendis quia aperiam. Minima iure quidem sed magnam adipisci. Itaque ducimus quas omnis et magni quidem id. Consequatur accusamus ut eum est.', 3, '2019-07-16 03:25:11', '2019-07-16 03:25:11'),
(160, 233, 'Arch Haag Jr.', 'Laudantium et pariatur nam optio et. Dolores nesciunt sed suscipit minus. Voluptas expedita assumenda deleniti quis consectetur nihil. Nulla et architecto omnis quidem esse.', 1, '2019-07-16 03:25:11', '2019-07-16 03:25:11'),
(161, 110, 'Elva Reichert', 'Quisquam et accusamus magni error delectus necessitatibus eum. Est est eaque vel rem placeat nobis minus. Alias occaecati molestiae quas quidem qui exercitationem quo.', 0, '2019-07-16 03:25:11', '2019-07-16 03:25:11'),
(162, 172, 'Zelda Koss', 'Assumenda ut consequatur nobis laborum. Dolore id animi fugit aspernatur consectetur voluptate. Sunt unde quos voluptas laborum laborum qui ex ut. Dolorem aut ipsa at et ea soluta.', 4, '2019-07-16 03:25:11', '2019-07-16 03:25:11'),
(163, 83, 'Graham Okuneva I', 'Eos quidem molestias voluptas voluptatem cumque ea laboriosam. Similique et illum autem provident debitis quidem. Quod est iste veniam nesciunt enim voluptas reprehenderit. A dolorem et voluptatibus sit. Et quia nobis ut sit exercitationem praesentium fugiat enim.', 0, '2019-07-16 03:25:11', '2019-07-16 03:25:11'),
(164, 76, 'Derek Ondricka PhD', 'Et fuga dolores iusto. Et explicabo et officiis dolor optio nihil quas. Debitis voluptatibus provident culpa rerum in.', 0, '2019-07-16 03:25:11', '2019-07-16 03:25:11'),
(165, 30, 'Bret Gusikowski', 'Et vero quos sequi debitis delectus omnis voluptatem omnis. Sed ex et rerum explicabo rerum. Dicta laudantium inventore sint earum sit quas.', 4, '2019-07-16 03:25:11', '2019-07-16 03:25:11'),
(166, 12, 'Jerad Graham', 'In pariatur dolores ea aperiam. Perspiciatis accusamus dolorem neque labore molestiae corporis sit est.', 4, '2019-07-16 03:25:11', '2019-07-16 03:25:11'),
(167, 109, 'Maddison Dickens', 'Nemo nam et et voluptas enim distinctio unde. Non ab aspernatur magni asperiores ut eum. Earum labore aut commodi dolore quaerat magnam non odio.', 4, '2019-07-16 03:25:11', '2019-07-16 03:25:11'),
(168, 100, 'Estell Schumm', 'Soluta harum ut natus. Sed soluta et molestiae sunt ipsum. Labore molestiae maiores nemo est placeat accusantium aut. Harum aperiam fugit dolor ratione.', 3, '2019-07-16 03:25:11', '2019-07-16 03:25:11'),
(169, 112, 'Prof. Elliot Morar MD', 'Ut nihil deserunt nihil et ullam quasi. Qui ratione et ut nulla facere. Eius qui dolorem autem modi totam. Ut eum esse non rem.', 5, '2019-07-16 03:25:12', '2019-07-16 03:25:12'),
(170, 191, 'Keely Crooks', 'Eum minus quo consequatur. Possimus et earum omnis enim voluptatibus quas voluptate. Sit ipsum aut vel ratione commodi commodi.', 4, '2019-07-16 03:25:12', '2019-07-16 03:25:12'),
(171, 46, 'Dr. Seamus Huel Jr.', 'Voluptatum neque sapiente aut quia ea laudantium sit. Consequatur quod ut et molestias beatae dolorem quam. Dolorum odit rerum officiis quo qui. Iusto sit quia dolorem voluptatem numquam quos.', 1, '2019-07-16 03:25:12', '2019-07-16 03:25:12'),
(172, 220, 'Hilbert Franecki IV', 'Officia nam et et quia rerum dicta cupiditate repudiandae. Soluta quas quaerat ducimus rerum et consectetur mollitia. Id saepe ipsam illum assumenda ut. Non molestiae nihil exercitationem aut.', 1, '2019-07-16 03:25:12', '2019-07-16 03:25:12'),
(173, 32, 'Geo Turcotte V', 'Et et explicabo voluptatibus possimus dolor enim labore. Quibusdam ut sequi neque repellendus ut.', 4, '2019-07-16 03:25:12', '2019-07-16 03:25:12'),
(174, 41, 'Georgette Little', 'Nihil quia dolore vero molestias ipsa. Et officiis repellat et beatae possimus. Saepe aperiam tempore impedit rerum.', 5, '2019-07-16 03:25:12', '2019-07-16 03:25:12'),
(175, 8, 'Mr. Carmel Wiegand', 'Dolor doloremque numquam quas aut maiores ipsa labore et. In officiis ipsum reprehenderit est optio. Sunt ea nulla sit est. Dolor aut quasi non veniam ipsum quaerat numquam.', 2, '2019-07-16 03:25:12', '2019-07-16 03:25:12'),
(176, 52, 'Leonora Gleichner', 'Illum qui repellendus quos veritatis rem culpa sequi. Ad et est rem neque facilis. Odio aut aperiam qui et nobis sit.', 2, '2019-07-16 03:25:12', '2019-07-16 03:25:12'),
(177, 164, 'Miss Anjali Torphy', 'Aut sint eveniet aut sunt totam. Eligendi repellendus quasi provident deleniti sed iste. Est magnam est autem sit commodi. Et voluptas minus culpa laboriosam modi.', 1, '2019-07-16 03:25:12', '2019-07-16 03:25:12'),
(178, 245, 'Wilhelm Parker', 'Aspernatur eos ullam id facilis est. Quidem quia eaque totam consectetur officiis placeat rerum. Repudiandae dolore quis qui. Voluptatem veniam eum doloribus est id vel vel.', 4, '2019-07-16 03:25:12', '2019-07-16 03:25:12'),
(179, 135, 'Aisha Hessel', 'Ex illo maiores ut reiciendis ea. Quos hic ullam praesentium enim. Vel ut quisquam explicabo non asperiores.', 2, '2019-07-16 03:25:12', '2019-07-16 03:25:12'),
(180, 32, 'Ms. Gwendolyn Koelpin Jr.', 'Repellat aperiam sed iusto sed eaque voluptatem tempora. Eaque deleniti exercitationem et repudiandae optio. Omnis similique dolor porro qui. Quibusdam aliquid omnis enim nulla esse minima eum temporibus. Magnam nostrum tempora cum inventore autem sed magni.', 2, '2019-07-16 03:25:12', '2019-07-16 03:25:12'),
(181, 120, 'Kaci Kirlin', 'Excepturi rerum reiciendis iste voluptates temporibus. Nobis voluptatem et quos nemo veritatis quis expedita. Aliquid sed aut dignissimos ut.', 2, '2019-07-16 03:25:12', '2019-07-16 03:25:12'),
(182, 7, 'Emmie Cremin', 'Ipsam perferendis cupiditate non fugiat. Consequatur ut quam qui tempore labore sint veritatis explicabo. Minus doloribus ipsa harum vel deserunt rem repellendus et.', 1, '2019-07-16 03:25:12', '2019-07-16 03:25:12'),
(183, 219, 'Marina Dibbert', 'Saepe est tempore aut qui ab voluptatibus est. Assumenda cum architecto voluptatem quo est architecto qui eaque. Aut quas ex dicta sapiente iste rem sed in. Aspernatur eum sequi eum at quam possimus. Repellendus beatae cum quas minus aperiam molestias.', 1, '2019-07-16 03:25:12', '2019-07-16 03:25:12'),
(184, 64, 'Dale Fadel', 'Repellat repellendus qui non dolores quo odit itaque. Dolore quis ut illo impedit est quia ad.', 1, '2019-07-16 03:25:12', '2019-07-16 03:25:12'),
(185, 26, 'Prof. Elbert Auer', 'Quos non et voluptas quasi necessitatibus. Nam beatae qui facilis voluptas facere. Voluptatem omnis placeat enim ea earum amet et.', 5, '2019-07-16 03:25:12', '2019-07-16 03:25:12'),
(186, 237, 'Pansy Sawayn', 'Dolorem dolor perspiciatis et officia omnis alias sint quia. Nihil vel aliquid quia fugit. Consequuntur accusantium est explicabo voluptatem magnam quia. Accusantium officia et hic dolores incidunt qui beatae dolores.', 4, '2019-07-16 03:25:12', '2019-07-16 03:25:12'),
(187, 149, 'Breanna Kuhlman', 'Eum sequi quidem quaerat maiores et fugit delectus ut. Deserunt alias qui ullam fugiat eum ullam numquam. Rerum rerum est praesentium et perspiciatis nostrum. Ut ducimus sit maiores fuga in.', 3, '2019-07-16 03:25:12', '2019-07-16 03:25:12'),
(188, 164, 'Freida Rowe', 'Quia atque voluptatibus placeat officia. Eum iure perferendis possimus rem facere adipisci. Expedita repellat qui qui non rem eos. Porro molestias praesentium asperiores optio dolor.', 5, '2019-07-16 03:25:12', '2019-07-16 03:25:12'),
(189, 56, 'Brannon Stiedemann DVM', 'Quibusdam magni officiis nam modi corrupti totam dolorem omnis. Quis ut dolor a dolores dolorem deserunt. Repellendus quos tenetur vel possimus. Ut blanditiis velit ratione tenetur nihil eum.', 3, '2019-07-16 03:25:12', '2019-07-16 03:25:12'),
(190, 162, 'Eliseo Williamson', 'Non consequatur ut laborum ducimus. Est nam optio unde error earum non corporis. Est repudiandae vel doloribus repudiandae odio.', 2, '2019-07-16 03:25:12', '2019-07-16 03:25:12'),
(191, 241, 'Delphine Hartmann I', 'Aut dolorem illo doloremque voluptatem ratione. Molestias sint accusamus voluptatem autem dolorum et placeat. Dolor repellat culpa nihil magni sit sed.', 3, '2019-07-16 03:25:12', '2019-07-16 03:25:12'),
(192, 147, 'Milford Franecki', 'Aut et voluptatem consectetur voluptas quae praesentium odit iste. Sapiente impedit facilis dolor cumque earum ut porro. Tempora placeat ut est recusandae animi earum consequuntur. Consequuntur labore et quasi officiis non voluptatem repellendus.', 1, '2019-07-16 03:25:13', '2019-07-16 03:25:13'),
(193, 127, 'Kara Farrell', 'Nam vel expedita labore fuga atque voluptas exercitationem quam. Quas quasi omnis blanditiis. Eveniet debitis voluptates quam ab omnis repellat blanditiis deleniti. Ut iusto error dignissimos sunt voluptatum facere fugiat voluptatum.', 5, '2019-07-16 03:25:13', '2019-07-16 03:25:13'),
(194, 71, 'Lavonne Homenick', 'Deleniti impedit magnam et voluptates qui maiores perspiciatis. Sit omnis ut illo odio consequatur neque. Eligendi expedita velit eaque vero. Molestias quae alias voluptatem perspiciatis nesciunt.', 3, '2019-07-16 03:25:13', '2019-07-16 03:25:13'),
(195, 109, 'Jermaine Morissette Sr.', 'Et laudantium ad nisi soluta optio. Blanditiis ipsum voluptas quia expedita commodi itaque minima.', 2, '2019-07-16 03:25:13', '2019-07-16 03:25:13'),
(196, 155, 'Vanessa Spencer III', 'Et explicabo autem voluptatum. Ea in dolores iusto mollitia. Facilis exercitationem aut aut architecto molestiae. Reiciendis nisi illo facilis non ea odit blanditiis.', 2, '2019-07-16 03:25:13', '2019-07-16 03:25:13'),
(197, 25, 'Prof. Manuel Oberbrunner', 'At fugit consectetur a. Velit quasi perferendis eos eveniet perspiciatis iusto fugiat.', 3, '2019-07-16 03:25:13', '2019-07-16 03:25:13'),
(198, 201, 'Matilde Witting', 'Est cupiditate omnis aut voluptatem perspiciatis ratione harum. Debitis eos error et amet voluptatem maiores corrupti. Aut aspernatur ut quis nisi.', 4, '2019-07-16 03:25:13', '2019-07-16 03:25:13'),
(199, 56, 'Mr. Leonel White DDS', 'Laudantium eos ea quia cupiditate eum labore beatae. Harum labore distinctio iste est. Quia amet aliquam fugiat aut voluptatem fuga. Sit impedit pariatur doloremque.', 0, '2019-07-16 03:25:13', '2019-07-16 03:25:13'),
(200, 188, 'Jimmie Hackett', 'Facere ad autem porro at. Doloremque ab itaque veritatis sit. Iusto nisi nesciunt corrupti eaque eum voluptatem.', 3, '2019-07-16 03:25:13', '2019-07-16 03:25:13'),
(201, 67, 'Mrs. Reyna Lindgren', 'Et facere et cum dignissimos. Omnis similique ipsum unde laborum architecto. Qui voluptas saepe debitis libero in fugit. Deserunt et molestias optio ut sunt aut voluptatem ut. Vel voluptatibus nemo reiciendis quia provident tempore et qui.', 3, '2019-07-16 03:25:13', '2019-07-16 03:25:13'),
(202, 114, 'Garth Johnson PhD', 'Assumenda aperiam reiciendis saepe vel error. Aliquid omnis natus quia eveniet. Debitis consequatur eaque id harum et earum. Est nemo quidem blanditiis nihil qui fuga.', 0, '2019-07-16 03:25:13', '2019-07-16 03:25:13'),
(203, 149, 'Sage Nicolas DVM', 'Officia qui et rerum voluptas beatae officia consectetur. Voluptas eligendi corrupti ut numquam saepe voluptas hic. A assumenda sapiente optio vel eius qui autem.', 4, '2019-07-16 03:25:13', '2019-07-16 03:25:13'),
(204, 81, 'Lucy Purdy', 'Rem velit qui et voluptatem illo inventore et. Nisi ducimus ea quia rerum esse. Voluptatem distinctio sit voluptatum tempora sed labore.', 4, '2019-07-16 03:25:13', '2019-07-16 03:25:13'),
(205, 212, 'Mr. Edwardo Denesik DDS', 'Magni adipisci occaecati et autem aut quia. Magni molestiae non magnam dolores. Qui ea eius aut ut eius.', 5, '2019-07-16 03:25:13', '2019-07-16 03:25:13'),
(206, 109, 'Merl Hegmann', 'Ab est perspiciatis veritatis modi sed commodi neque consequatur. Quos repudiandae consequatur nesciunt sunt est sint a. Et voluptatibus nisi iure eos error nesciunt laboriosam. Recusandae ipsam illo reprehenderit sapiente doloribus omnis.', 2, '2019-07-16 03:25:13', '2019-07-16 03:25:13'),
(207, 126, 'Ed Howe', 'Praesentium cumque temporibus porro. Nesciunt est laudantium et est. Ipsa sequi illo facere explicabo ipsa veritatis enim nesciunt.', 0, '2019-07-16 03:25:13', '2019-07-16 03:25:13'),
(208, 119, 'Loma Pfeffer V', 'Aut quasi nihil sed corporis. Ducimus quia maxime tenetur laudantium iusto. Eligendi vel eos occaecati.', 5, '2019-07-16 03:25:13', '2019-07-16 03:25:13');
INSERT INTO `reviews` (`id`, `product_id`, `customer`, `review`, `star`, `created_at`, `updated_at`) VALUES
(209, 164, 'Mattie Sauer I', 'Impedit quod aut quia nihil eos. Ex libero autem quae aut laboriosam non totam at. Quidem quo aut laudantium quisquam quas. In ducimus veniam rem nesciunt dignissimos.', 1, '2019-07-16 03:25:13', '2019-07-16 03:25:13'),
(210, 168, 'Miss Florine Schinner', 'Quam sed non ea et. Aspernatur quos similique consequatur molestias. Fugiat inventore molestias dolores. Cupiditate molestiae totam aut nihil autem ut pariatur enim.', 4, '2019-07-16 03:25:13', '2019-07-16 03:25:13'),
(211, 183, 'Marlon Schulist', 'Quia cupiditate maxime magni similique aut eos esse. Odit non delectus qui illum laborum possimus aperiam quis. Ducimus mollitia quis perspiciatis perspiciatis. Alias sit quia sint velit voluptates aut.', 5, '2019-07-16 03:25:13', '2019-07-16 03:25:13'),
(212, 152, 'Dr. Wanda Swift', 'Aut sit est et nobis modi odit. Doloribus magni omnis sapiente est molestias assumenda ipsa. Eos voluptatum libero reprehenderit. Aut voluptate ut eius quibusdam quae odio est aut.', 5, '2019-07-16 03:25:13', '2019-07-16 03:25:13'),
(213, 72, 'Prof. Leanna Ledner II', 'Quos est repellendus exercitationem autem sit deleniti qui. Saepe laudantium odio est. Consequatur vero quam sit.', 0, '2019-07-16 03:25:13', '2019-07-16 03:25:13'),
(214, 39, 'Mr. Bailey Hills', 'Ea quo vitae repellat occaecati ab ex aut. Ut dolore quo qui aperiam laudantium provident animi. Asperiores culpa dolor nulla ab facere.', 0, '2019-07-16 03:25:13', '2019-07-16 03:25:13'),
(215, 49, 'Mrs. Wilma Bartoletti II', 'Ut quisquam nostrum at. Veritatis sed libero rerum doloribus. Porro aut quas est optio nam soluta sunt.', 3, '2019-07-16 03:25:14', '2019-07-16 03:25:14'),
(216, 47, 'Leanna Towne', 'Laboriosam consectetur qui est ut est dolorem. Quae ducimus rem ducimus eum recusandae perspiciatis.', 3, '2019-07-16 03:25:14', '2019-07-16 03:25:14'),
(217, 197, 'Alexandrine Funk', 'Unde id voluptatem unde aspernatur blanditiis minima. Rerum cum cupiditate quo veniam aliquam id nemo. Rerum eos expedita earum velit facere. Voluptas cumque ab modi velit ex est. Ex soluta et nam a.', 4, '2019-07-16 03:25:14', '2019-07-16 03:25:14'),
(218, 210, 'Krystal Hegmann', 'Officiis et architecto qui ut dignissimos. Qui officiis fugiat ducimus. Fugiat assumenda quos sint repellendus quo voluptatum laboriosam.', 3, '2019-07-16 03:25:14', '2019-07-16 03:25:14'),
(219, 163, 'Leann Bergnaum', 'Aperiam et officiis nam ut est. Aliquid ut aperiam est eos dolores non. Quia magnam molestiae deserunt incidunt dolores dolores in. Ad delectus optio quisquam voluptas distinctio praesentium.', 0, '2019-07-16 03:25:14', '2019-07-16 03:25:14'),
(220, 22, 'Joseph Marvin MD', 'Reprehenderit assumenda itaque minima voluptas dolore. Nam tempore iusto autem rerum. Ea dolorem laboriosam maxime vel aperiam velit. Eveniet voluptatem dicta aut.', 2, '2019-07-16 03:25:14', '2019-07-16 03:25:14'),
(221, 212, 'Adolf Gutmann', 'A exercitationem est consequatur consequatur cumque qui. Suscipit quibusdam unde dignissimos doloribus ea. Non ut consequatur quis odit et ex et. Tenetur omnis consequuntur sed natus ex consequatur deleniti delectus. Enim sequi vitae dolores voluptas blanditiis ipsam.', 5, '2019-07-16 03:25:14', '2019-07-16 03:25:14'),
(222, 141, 'Cara Becker', 'Rerum corrupti doloremque maxime hic recusandae ea perferendis. Veritatis dolore vel quis sed placeat vel voluptates et. Excepturi eius omnis quis nostrum.', 2, '2019-07-16 03:25:14', '2019-07-16 03:25:14'),
(223, 170, 'Sylvester Gibson', 'Quaerat quia et culpa ducimus labore harum. Ut iusto vel ullam accusantium. Et dignissimos quia rem.', 1, '2019-07-16 03:25:14', '2019-07-16 03:25:14'),
(224, 73, 'Melissa Schowalter', 'Est laboriosam vero possimus ipsa nisi accusamus. Fugiat sed ad numquam ut asperiores. Aliquam illo quisquam facere perspiciatis exercitationem quasi. Quis placeat aspernatur cupiditate voluptate.', 1, '2019-07-16 03:25:14', '2019-07-16 03:25:14'),
(225, 77, 'Nola Kuhlman', 'Sed et sed occaecati quia quidem. Amet est libero iusto rerum deserunt labore voluptas. Adipisci aliquid quo expedita saepe deserunt.', 0, '2019-07-16 03:25:14', '2019-07-16 03:25:14'),
(226, 28, 'Nasir Ritchie', 'Magnam quia saepe velit placeat atque autem qui. Reiciendis sapiente corrupti neque quia nobis optio. Velit iusto assumenda nesciunt. At quo voluptas et eaque veniam recusandae sint.', 0, '2019-07-16 03:25:14', '2019-07-16 03:25:14'),
(227, 240, 'Dr. Bethany Zieme', 'Molestiae voluptatem possimus vitae repellat repudiandae. Architecto occaecati atque pariatur est. Et occaecati harum alias.', 0, '2019-07-16 03:25:14', '2019-07-16 03:25:14'),
(228, 240, 'Josianne Crona', 'Aspernatur sit sit adipisci eligendi aut quia. Quod odit dignissimos facilis veritatis tenetur at at qui. Eaque ea et totam omnis et. Tempora eos aut ea minima.', 4, '2019-07-16 03:25:14', '2019-07-16 03:25:14'),
(229, 242, 'Winnifred Mueller', 'Sapiente mollitia quibusdam eveniet et voluptatum error impedit. Eaque sequi ut nihil repudiandae eius dignissimos ex. Id nostrum rem ut mollitia et. Aperiam placeat aut vitae quia non.', 5, '2019-07-16 03:25:14', '2019-07-16 03:25:14'),
(230, 110, 'Fabiola Kreiger', 'Libero est non et et. Porro ipsam autem eligendi voluptate eveniet laudantium. Fugit consequatur quidem fuga voluptas voluptatem sint. Eos perspiciatis accusantium pariatur ut dignissimos et.', 2, '2019-07-16 03:25:14', '2019-07-16 03:25:14'),
(231, 34, 'Taryn Conn', 'Velit a et omnis dolores illo. Voluptatem qui suscipit autem. Doloribus voluptates ipsam aperiam labore. Eius sed vero molestiae placeat.', 3, '2019-07-16 03:25:14', '2019-07-16 03:25:14'),
(232, 92, 'Robb Mann', 'Voluptas omnis deserunt soluta voluptatem vel enim. Non repudiandae at deserunt soluta cumque consequuntur repudiandae id. Vero error fugit eligendi velit iste beatae molestiae optio.', 5, '2019-07-16 03:25:14', '2019-07-16 03:25:14'),
(233, 247, 'Georgette Trantow', 'Qui sed cumque ut molestias quibusdam accusamus. Voluptatem ipsam voluptas doloremque dolore. Adipisci perspiciatis ex molestias rerum voluptatum.', 5, '2019-07-16 03:25:14', '2019-07-16 03:25:14'),
(234, 93, 'Cindy Doyle', 'Fugiat ipsum alias rerum voluptatem. Iusto rerum nam qui et non porro optio. Libero quas excepturi voluptatum omnis quos. Et eum molestiae sed.', 2, '2019-07-16 03:25:14', '2019-07-16 03:25:14'),
(235, 76, 'Esmeralda Schumm', 'A vitae et a aliquid tempore inventore voluptate. Eius laborum eos aut ut inventore molestiae ipsum excepturi. Sunt molestias laudantium velit modi blanditiis totam.', 5, '2019-07-16 03:25:14', '2019-07-16 03:25:14'),
(236, 153, 'Brody Gerlach', 'Praesentium eum ducimus magnam occaecati. Laudantium odio quaerat quisquam corrupti illo. Quia aliquam aut distinctio esse.', 0, '2019-07-16 03:25:15', '2019-07-16 03:25:15'),
(237, 150, 'Fred Jerde', 'Eaque adipisci numquam natus itaque quam sed totam repellat. Voluptas deserunt dignissimos autem unde in praesentium. Omnis iusto qui animi ab accusamus qui. Tempora soluta distinctio similique ex quidem possimus.', 0, '2019-07-16 03:25:15', '2019-07-16 03:25:15'),
(238, 234, 'Stephan Nikolaus', 'Quia recusandae rerum culpa dolor sed harum impedit quia. Est nostrum cum explicabo consequatur natus et est quisquam. Et soluta voluptas et facilis molestiae molestiae ratione. Facere commodi et aut temporibus aut at quo.', 1, '2019-07-16 03:25:15', '2019-07-16 03:25:15'),
(239, 159, 'Kiara Satterfield', 'Quam totam vitae quasi non qui maiores facere tempore. Officia rerum rem enim labore. Qui et qui esse. Ut dolores et ad animi odio tempora deleniti voluptatum.', 0, '2019-07-16 03:25:15', '2019-07-16 03:25:15'),
(240, 198, 'Genevieve Douglas', 'Impedit et est tempora dolor. Ut et voluptas non. Necessitatibus repellendus consequuntur ducimus.', 2, '2019-07-16 03:25:15', '2019-07-16 03:25:15'),
(241, 85, 'Prof. Florine Conn Jr.', 'Qui sint quia repellendus nemo eum facilis qui. Quis a voluptatem eveniet voluptas et sunt error nemo.', 1, '2019-07-16 03:25:15', '2019-07-16 03:25:15'),
(242, 102, 'Sidney Mertz', 'Nam itaque inventore repellendus et laudantium. Sunt velit et voluptatem quae est alias temporibus. Maxime doloribus voluptatum debitis.', 0, '2019-07-16 03:25:15', '2019-07-16 03:25:15'),
(243, 141, 'Scottie Orn', 'Delectus non molestiae provident pariatur. Nisi aliquid officiis occaecati et illum. Doloremque et qui exercitationem magni reiciendis itaque et cupiditate.', 4, '2019-07-16 03:25:15', '2019-07-16 03:25:15'),
(244, 117, 'Meggie Wintheiser', 'Quia id earum eum repellendus. Dolorem non qui voluptates et. Sit optio molestiae consectetur sint aut.', 5, '2019-07-16 03:25:15', '2019-07-16 03:25:15'),
(245, 180, 'Mason Reichert', 'Ut sed harum et nihil illum quisquam mollitia. Qui perspiciatis quasi reiciendis praesentium occaecati ea molestiae consequatur. Itaque atque odio quia dignissimos.', 3, '2019-07-16 03:25:15', '2019-07-16 03:25:15'),
(246, 72, 'Magnus Doyle DDS', 'Quasi iusto neque est et incidunt in ratione. Vitae libero est consequatur natus assumenda quia. Architecto quidem sed fuga eos iste facere.', 5, '2019-07-16 03:25:15', '2019-07-16 03:25:15'),
(247, 19, 'Gunnar Rutherford', 'Nulla molestiae laboriosam dicta quo nihil officia. Aspernatur similique nulla est eum ut. Quae impedit voluptas quibusdam natus.', 0, '2019-07-16 03:25:15', '2019-07-16 03:25:15'),
(248, 164, 'Marjorie Little', 'Omnis minima cum ut eveniet. Aperiam quaerat libero maxime porro. Eveniet delectus libero placeat quia. Eligendi et sed ut excepturi inventore tempora.', 1, '2019-07-16 03:25:15', '2019-07-16 03:25:15'),
(249, 52, 'Alexandre Gottlieb', 'Provident quia enim illo. Autem laboriosam sapiente rerum enim officiis mollitia. Ut nihil ratione neque odit sit aut ad.', 5, '2019-07-16 03:25:15', '2019-07-16 03:25:15'),
(250, 192, 'Prof. Royal Casper MD', 'Tempore praesentium error sint labore quia. Quam repellat id numquam saepe sint assumenda corporis. Eos qui voluptate eum voluptates voluptas sunt.', 0, '2019-07-16 03:25:15', '2019-07-16 03:25:15'),
(251, 96, 'Jackson Rohan', 'Tempora voluptas mollitia harum consequatur quo ut neque. Ut enim aut est temporibus in eos veniam voluptatem. Saepe eos voluptas et totam enim a nulla.', 0, '2019-07-16 03:25:15', '2019-07-16 03:25:15'),
(252, 21, 'Prof. Reid Dibbert', 'Officia iste possimus asperiores repudiandae aut ut. Debitis rerum blanditiis eius facilis nostrum. Facere iste reprehenderit quibusdam quaerat.', 4, '2019-07-16 03:25:16', '2019-07-16 03:25:16'),
(253, 190, 'Shane McDermott III', 'Qui dolorem omnis aut. Ab quam eveniet esse omnis. Temporibus est excepturi praesentium ut commodi nostrum.', 5, '2019-07-16 03:25:16', '2019-07-16 03:25:16'),
(254, 157, 'Marlin Kassulke', 'Non maiores possimus repellendus. Sed numquam odio eos sint. Qui libero deleniti natus aut. Alias sit voluptates aut. Velit perferendis explicabo accusamus qui.', 5, '2019-07-16 03:25:16', '2019-07-16 03:25:16'),
(255, 103, 'Nolan Abshire', 'Aliquid officiis culpa totam. Corrupti enim autem nostrum occaecati voluptas alias excepturi. Nemo dolorum qui unde cumque eveniet. Et modi quia architecto iste ut ex dignissimos.', 4, '2019-07-16 03:25:16', '2019-07-16 03:25:16'),
(256, 22, 'Mr. Santiago Fahey I', 'Veniam minus est aut aut blanditiis cupiditate eos. Ex voluptas nesciunt soluta a animi vero voluptas. Cupiditate velit quaerat cum veniam quis pariatur.', 5, '2019-07-16 03:25:16', '2019-07-16 03:25:16'),
(257, 79, 'Dr. Horace Balistreri III', 'Nisi quis eveniet delectus iusto unde et. Fuga omnis non voluptatem quia. At quia autem repellat nisi beatae. Dolorem qui perspiciatis eum.', 1, '2019-07-16 03:25:16', '2019-07-16 03:25:16'),
(258, 75, 'Dr. Waldo Gaylord I', 'Sed nobis error impedit. Dolores laudantium cupiditate necessitatibus vitae. Quis omnis asperiores nesciunt assumenda et delectus.', 1, '2019-07-16 03:25:16', '2019-07-16 03:25:16'),
(259, 220, 'Dr. Delmer Jakubowski', 'Et doloribus tempora eveniet labore sint tempore quam corrupti. Occaecati voluptates debitis et voluptas ut. Et architecto voluptate occaecati commodi est.', 3, '2019-07-16 03:25:16', '2019-07-16 03:25:16'),
(260, 144, 'Laisha Macejkovic DDS', 'Et nisi fugit minus est. Repellendus itaque voluptatibus ducimus non quam dolor. Dicta aut animi dolor provident quos possimus. Pariatur ut esse totam sit.', 0, '2019-07-16 03:25:16', '2019-07-16 03:25:16'),
(261, 105, 'Giovani Volkman', 'Repellat ducimus id sequi. Aut laborum dolorum nisi quo sit.', 2, '2019-07-16 03:25:16', '2019-07-16 03:25:16'),
(262, 122, 'Miss Stephania Botsford', 'Sit et commodi voluptatem esse fugit quaerat doloremque. Impedit nobis ratione at impedit enim doloribus corrupti. Quos blanditiis laborum debitis ut molestiae.', 5, '2019-07-16 03:25:16', '2019-07-16 03:25:16'),
(263, 71, 'Destinee Nikolaus', 'Aspernatur deleniti sit fugit. Voluptates commodi consequatur et aut. Nisi distinctio et debitis nam sint.', 5, '2019-07-16 03:25:16', '2019-07-16 03:25:16'),
(264, 115, 'Ms. Ruthie Boyer', 'Ad quibusdam aut libero omnis qui est. Et autem vero velit maiores libero illo maxime. Sint ipsam nostrum voluptatum sit voluptatem aut. Quia aperiam unde nulla iste.', 4, '2019-07-16 03:25:16', '2019-07-16 03:25:16'),
(265, 185, 'Arnulfo Erdman', 'Numquam laboriosam nobis est tenetur distinctio rerum similique. Neque et corporis ex illo.', 2, '2019-07-16 03:25:16', '2019-07-16 03:25:16'),
(266, 53, 'Yoshiko Osinski', 'Ea ipsam voluptas soluta quaerat. Similique labore magnam sit neque sapiente eveniet accusantium. Eveniet enim perferendis ut fugit ipsum commodi. Nemo qui rem libero aut unde expedita nesciunt.', 0, '2019-07-16 03:25:16', '2019-07-16 03:25:16'),
(267, 173, 'Mr. Ben Gottlieb Sr.', 'Rerum molestiae ratione incidunt qui tempora. Repudiandae et animi vero eligendi.', 0, '2019-07-16 03:25:16', '2019-07-16 03:25:16'),
(268, 91, 'Calista Rippin Jr.', 'Repellendus amet aliquam rerum in iste id. Harum in sint facilis accusamus.', 4, '2019-07-16 03:25:16', '2019-07-16 03:25:16'),
(269, 218, 'Gus West', 'Qui accusantium molestiae et vel velit quasi repellendus. Fugiat dolor voluptas delectus ut vero. Libero nemo quia rerum. Cumque rerum culpa quae neque sit.', 4, '2019-07-16 03:25:16', '2019-07-16 03:25:16'),
(270, 229, 'Dr. Leonora Beatty I', 'Qui ut rerum delectus ut. Nihil delectus deserunt voluptatem unde fugiat omnis. Minus ratione impedit accusantium quia. Dolores voluptate similique mollitia cumque.', 1, '2019-07-16 03:25:17', '2019-07-16 03:25:17'),
(271, 19, 'Ciara Heidenreich', 'Necessitatibus nam omnis vitae suscipit in. Mollitia ab dolores itaque aut maxime ea. Sunt illo aliquid consequatur.', 3, '2019-07-16 03:25:17', '2019-07-16 03:25:17'),
(272, 136, 'Miss Vanessa Rosenbaum', 'Reiciendis doloribus libero tempore rerum occaecati aliquid quisquam. Necessitatibus ducimus et ipsa. Ab quod omnis eveniet voluptatem non ad qui. Excepturi expedita quas deleniti ullam impedit occaecati.', 0, '2019-07-16 03:25:17', '2019-07-16 03:25:17'),
(273, 197, 'Curt Beahan', 'Reiciendis possimus voluptatibus quia quia voluptate. Molestiae et et aut non ut delectus. Rerum doloribus quibusdam qui vel ullam dolore porro. Magnam pariatur error aspernatur ea. Voluptas laboriosam incidunt nesciunt.', 5, '2019-07-16 03:25:17', '2019-07-16 03:25:17'),
(274, 79, 'Jovan Maggio', 'Atque consequatur recusandae deleniti voluptates eum et praesentium. Eius alias itaque qui et quod sit qui. Qui hic corporis eius est voluptate et accusamus. Aut voluptas rerum iste laboriosam est. Ullam consectetur ullam ipsa debitis fugit sunt quia.', 0, '2019-07-16 03:25:17', '2019-07-16 03:25:17'),
(275, 189, 'Mae Towne', 'Minima aspernatur reprehenderit possimus. Consectetur perspiciatis sit vero. Aut amet ipsa quam non et quo ab sunt.', 5, '2019-07-16 03:25:17', '2019-07-16 03:25:17'),
(276, 216, 'Armand Bode', 'Fuga est neque minus dolorem suscipit reprehenderit. Suscipit ut sapiente corporis iusto. Est a qui quo voluptas deleniti earum suscipit.', 1, '2019-07-16 03:25:17', '2019-07-16 03:25:17'),
(277, 136, 'Presley Quitzon', 'In molestiae error voluptas totam vero. Dolor non repudiandae dolor deserunt exercitationem. Enim saepe harum numquam explicabo corrupti ipsam. Voluptas nemo et pariatur et nobis dolorem placeat.', 5, '2019-07-16 03:25:17', '2019-07-16 03:25:17'),
(278, 179, 'Prof. Nakia Morissette II', 'Id nam ut eius reiciendis quia voluptatem a. Quas quis itaque voluptatem recusandae. Nostrum error et et architecto. Est autem facere quo tenetur. Voluptate et explicabo reprehenderit.', 5, '2019-07-16 03:25:17', '2019-07-16 03:25:17'),
(279, 23, 'Guillermo Brakus', 'Recusandae quo ab architecto quisquam. Qui nemo voluptate est aliquid molestiae mollitia totam. Vel sint tenetur placeat.', 2, '2019-07-16 03:25:17', '2019-07-16 03:25:17'),
(280, 197, 'Jayce Barton', 'Recusandae quo accusamus quasi sunt iusto. Quae ratione veritatis aut maiores. Est ut veniam omnis nihil fuga pariatur et non. Aut aut animi repudiandae id.', 4, '2019-07-16 03:25:17', '2019-07-16 03:25:17'),
(281, 212, 'Loraine Schuppe', 'Minus sunt eos eligendi ea similique voluptatem. Omnis et dicta maxime et aut. Qui sed voluptatem et veniam rem dolor reiciendis. Pariatur consequatur officiis qui corporis at.', 3, '2019-07-16 03:25:17', '2019-07-16 03:25:17'),
(282, 179, 'Miss Zetta Wunsch III', 'Repudiandae in ut numquam possimus corrupti asperiores. Placeat ea laudantium dolorem facere velit magnam eum. Qui ipsam porro id praesentium laboriosam.', 5, '2019-07-16 03:25:17', '2019-07-16 03:25:17'),
(283, 35, 'Ona Treutel Jr.', 'Sequi cum ab omnis odit. Sequi consectetur odio voluptas voluptates ut occaecati veniam id. Est neque nostrum similique et quia et recusandae. Dignissimos voluptatibus minus dolore mollitia quo.', 3, '2019-07-16 03:25:17', '2019-07-16 03:25:17'),
(284, 123, 'Dayana White', 'Adipisci in sequi non nostrum voluptatem quasi. Nisi eum quia illo ratione error. Soluta id itaque dolores minus assumenda. Neque rem dolores doloribus ab.', 2, '2019-07-16 03:25:17', '2019-07-16 03:25:17'),
(285, 197, 'Myrtie Purdy', 'Eos inventore et quia non quos recusandae sequi. Nostrum velit placeat aut ut ea. Officiis velit et dolorem et omnis maiores. Sapiente ad odio commodi cum adipisci eos vel.', 2, '2019-07-16 03:25:17', '2019-07-16 03:25:17'),
(286, 117, 'Milford Lindgren', 'Non reprehenderit aliquam magni omnis inventore. Suscipit nesciunt aut doloribus sit praesentium quis eaque.', 4, '2019-07-16 03:25:17', '2019-07-16 03:25:17'),
(287, 173, 'Felton Becker', 'Expedita nostrum repellendus dignissimos. Expedita illum voluptatem sint maiores nulla mollitia nesciunt. Adipisci blanditiis ea alias et hic cum quasi.', 3, '2019-07-16 03:25:18', '2019-07-16 03:25:18'),
(288, 81, 'Jayme Eichmann V', 'Beatae ut ut sint in velit. Consequuntur quo architecto fugiat eum adipisci nulla aut. Recusandae asperiores consectetur amet dolor odio at sit ut.', 3, '2019-07-16 03:25:18', '2019-07-16 03:25:18'),
(289, 110, 'Bernadine Mosciski', 'Non quasi laudantium fugiat qui iure minima in. Eaque molestias aut a dolorem vitae voluptatem dignissimos. Eum perferendis sed id repellat ea cum.', 3, '2019-07-16 03:25:18', '2019-07-16 03:25:18'),
(290, 223, 'Athena Jacobi', 'Sed quaerat voluptatem consequatur officia ut aut iusto. Id autem ratione impedit blanditiis ullam possimus.', 2, '2019-07-16 03:25:18', '2019-07-16 03:25:18'),
(291, 17, 'Bridget Haag IV', 'Hic aut voluptatem quia accusamus et fugit. Aut quis enim et magnam sint reiciendis veritatis sed. Ullam maiores dolore animi doloribus doloribus. Qui incidunt vel qui aut.', 5, '2019-07-16 03:25:18', '2019-07-16 03:25:18'),
(292, 148, 'Catherine Davis', 'Dolores quo necessitatibus et enim sed. Aspernatur sunt minima deleniti. Voluptatem non iure ratione explicabo error.', 4, '2019-07-16 03:25:18', '2019-07-16 03:25:18'),
(293, 139, 'Maye Cormier', 'Impedit iusto mollitia et ipsa occaecati. Omnis recusandae est quis nam rerum. Excepturi voluptas sed quisquam debitis quis occaecati. Dolorem nulla voluptatibus dolorem est magnam ullam sed repellendus.', 4, '2019-07-16 03:25:18', '2019-07-16 03:25:18'),
(294, 238, 'Dr. Gilda Wuckert', 'Aperiam dicta fuga et est rerum pariatur magnam consectetur. Nihil qui voluptatem fugiat velit velit ex. Est eligendi eveniet culpa quia ea quis. Voluptas fugiat et atque maxime fugit odit.', 2, '2019-07-16 03:25:18', '2019-07-16 03:25:18'),
(295, 120, 'Elinore Kautzer', 'Magnam et voluptatum assumenda quas et. Dolores aspernatur voluptas voluptatibus soluta enim. Magni aperiam dolorem omnis. Esse et magni non animi.', 5, '2019-07-16 03:25:18', '2019-07-16 03:25:18'),
(296, 136, 'Magali Boyle', 'Autem et nihil natus neque corporis. Dolor eum minima aut qui ut.', 0, '2019-07-16 03:25:18', '2019-07-16 03:25:18'),
(297, 87, 'Leilani Block', 'Voluptatem quidem nostrum illum magni consectetur sed. In omnis quis cum commodi quis. Deserunt illo facere commodi in nisi sed est.', 4, '2019-07-16 03:25:18', '2019-07-16 03:25:18'),
(298, 190, 'Bertrand Zboncak', 'Atque eius id possimus rerum. Ut exercitationem nam qui vel delectus. Veritatis ut nesciunt temporibus dolores velit. Cumque dicta sed qui maxime quis velit minima dolorum.', 5, '2019-07-16 03:25:18', '2019-07-16 03:25:18'),
(299, 82, 'Dr. Dana Bradtke', 'Id fugiat sit non voluptatem harum assumenda. Minus et reprehenderit sequi qui ipsam rerum ut.', 1, '2019-07-16 03:25:18', '2019-07-16 03:25:18'),
(300, 130, 'August Bartell DVM', 'Itaque maiores ea nihil nostrum. Sequi similique quo tempore ut dolorem ut. Et doloribus ullam mollitia qui commodi ratione officiis ipsum. Fuga magni est tempora autem praesentium.', 3, '2019-07-16 03:25:18', '2019-07-16 03:25:18');

-- --------------------------------------------------------

--
-- Table structure for table `users`
--

CREATE TABLE `users` (
  `id` bigint(20) UNSIGNED NOT NULL,
  `name` varchar(255) COLLATE utf8mb4_unicode_ci NOT NULL,
  `email` varchar(255) COLLATE utf8mb4_unicode_ci NOT NULL,
  `email_verified_at` timestamp NULL DEFAULT NULL,
  `password` varchar(255) COLLATE utf8mb4_unicode_ci NOT NULL,
  `remember_token` varchar(100) COLLATE utf8mb4_unicode_ci DEFAULT NULL,
  `created_at` timestamp NULL DEFAULT NULL,
  `updated_at` timestamp NULL DEFAULT NULL
) ENGINE=InnoDB DEFAULT CHARSET=utf8mb4 COLLATE=utf8mb4_unicode_ci;

--
-- Indexes for dumped tables
--

--
-- Indexes for table `migrations`
--
ALTER TABLE `migrations`
  ADD PRIMARY KEY (`id`);

--
-- Indexes for table `password_resets`
--
ALTER TABLE `password_resets`
  ADD KEY `password_resets_email_index` (`email`);

--
-- Indexes for table `products`
--
ALTER TABLE `products`
  ADD PRIMARY KEY (`id`);

--
-- Indexes for table `reviews`
--
ALTER TABLE `reviews`
  ADD PRIMARY KEY (`id`);

--
-- Indexes for table `users`
--
ALTER TABLE `users`
  ADD PRIMARY KEY (`id`),
  ADD UNIQUE KEY `users_email_unique` (`email`);

--
-- AUTO_INCREMENT for dumped tables
--

--
-- AUTO_INCREMENT for table `migrations`
--
ALTER TABLE `migrations`
  MODIFY `id` int(10) UNSIGNED NOT NULL AUTO_INCREMENT, AUTO_INCREMENT=4;
--
-- AUTO_INCREMENT for table `products`
--
ALTER TABLE `products`
  MODIFY `id` bigint(20) UNSIGNED NOT NULL AUTO_INCREMENT, AUTO_INCREMENT=251;
--
-- AUTO_INCREMENT for table `reviews`
--
ALTER TABLE `reviews`
  MODIFY `id` bigint(20) UNSIGNED NOT NULL AUTO_INCREMENT, AUTO_INCREMENT=301;
--
-- AUTO_INCREMENT for table `users`
--
ALTER TABLE `users`
  MODIFY `id` bigint(20) UNSIGNED NOT NULL AUTO_INCREMENT;
/*!40101 SET CHARACTER_SET_CLIENT=@OLD_CHARACTER_SET_CLIENT */;
/*!40101 SET CHARACTER_SET_RESULTS=@OLD_CHARACTER_SET_RESULTS */;
/*!40101 SET COLLATION_CONNECTION=@OLD_COLLATION_CONNECTION */;
